month,stock,new_entry,month_return_pct
2019-01-25,DHAMPURSUG,1,42.2
2019-01-25,IOLCP,1,-12.0
2019-01-25,CGCL,1,0.8
2019-01-25,ADANIPOWER,1,-5.1
2019-01-25,ABFRL,1,9.6
2019-01-25,BALRAMCHIN,1,26.3
2019-01-25,PVR,1,-3.4
2019-01-25,MERCK,1,-9.6
2019-01-25,ICICIBANK,1,-2.5
2019-01-25,UBL,1,-6.6
2019-01-25,BATAINDIA,1,16.6
2019-01-25,UPL,1,13.5
2019-01-25,APOLLOHOSP,1,-10.4
2019-01-25,AUROPHARMA,1,-8.5
2019-01-25,STAR,1,-19.7
2019-01-25,IBVENTURES,1,-17.8
2019-01-25,JKPAPER,1,-10.4
2019-01-25,HDIL,1,-17.2
2019-01-25,TORNTPHARM,1,-2.7
2019-01-25,AARTIIND,1,-10.3
2019-01-25,DRREDDY,1,-0.9
2019-01-25,SRF,1,6.8
2019-01-25,HAVELLS,1,-2.0
2019-01-25,PRAJIND,1,17.4
2019-01-25,MUTHOOTFIN,1,-1.6
2019-02-26,DHAMPURSUG,0,0.6
2019-02-26,BALRAMCHIN,0,7.1
2019-02-26,CGCL,0,32.8
2019-02-26,WIPRO,1,-32.5
2019-02-26,PRAJIND,0,8.5
2019-02-26,UPL,0,9.3
2019-02-26,DIVISLAB,1,6.3
2019-02-26,PFC,1,7.1
2019-02-26,BATAINDIA,0,5.9
2019-02-26,PIIND,1,13.7
2019-02-26,MUTHOOTFIN,0,16.8
2019-02-26,IOLCP,0,7.3
2019-02-26,TITAN,1,7.9
2019-02-26,ADANIPOWER,0,4.4
2019-02-26,ICICIGI,1,12.6
2019-02-26,TECHM,1,-5.7
2019-02-26,PVR,0,9.4
2019-02-26,AXISBANK,1,7.8
2019-02-26,RECLTD,1,8.3
2019-02-26,ABFRL,0,2.2
2019-02-26,KAJARIACER,1,11.5
2019-02-26,SRF,0,6.4
2019-02-26,INDHOTEL,1,10.7
2019-02-26,MANAPPURAM,1,10.5
2019-02-26,DRREDDY,0,5.6
2019-04-01,BALRAMCHIN,0,2.9
2019-04-01,KAJARIACER,0,-6.5
2019-04-01,CGCL,0,-1.2
2019-04-01,TITAN,0,-3.0
2019-04-01,PIIND,0,-0.4
2019-04-01,BATAINDIA,0,-2.4
2019-04-01,INDIGO,1,11.3
2019-04-01,ORIENTBANK,1,-18.2
2019-04-01,DHAMPURSUG,0,-6.4
2019-04-01,UPL,0,1.8
2019-04-01,MANAPPURAM,0,-6.9
2019-04-01,BANKBEES,1,-3.6
2019-04-01,BEML,1,-17.2
2019-04-01,VAKRANGEE,1,18.1
2019-04-01,IPCALAB,1,-1.8
2019-04-01,GODFRYPHLP,1,-11.6
2019-04-01,INOXLEISUR,1,-6.6
2019-04-01,DCBBANK,1,5.9
2019-04-01,MUTHOOTFIN,0,-7.8
2019-04-01,PFC,0,-7.8
2019-04-01,FEDERALBNK,1,0.6
2019-04-01,ADANIPOWER,0,-14.8
2019-04-01,HDFCBANK,1,0.5
2019-04-01,PNB,1,-13.9
2019-04-01,BAJFINANCE,1,0.5
2019-05-07,UPL,0,7.2
2019-05-07,VAKRANGEE,0,-25.1
2019-05-07,INDIGO,0,5.4
2019-05-07,SHREECEM,1,4.9
2019-05-07,BAJAJFINSV,1,8.5
2019-05-07,BANDHANBNK,1,-5.3
2019-05-07,FLFL,1,-7.4
2019-05-07,KAJARIACER,0,8.7
2019-05-07,BATAINDIA,0,1.9
2019-05-07,IPCALAB,0,-1.8
2019-05-07,PCJEWELLER,1,-49.4
2019-05-07,63MOONS,1,-30.1
2019-05-07,PIIND,0,6.7
2019-05-07,MANAPPURAM,0,13.5
2019-05-07,SUNTECK,1,3.9
2019-05-07,AXISBANK,1,8.4
2019-05-07,TITAN,0,16.8
2019-05-07,HDFCBANK,0,5.4
2019-05-07,DCBBANK,0,12.2
2019-05-07,MUTHOOTFIN,0,8.7
2019-05-07,KOTAKBANK,1,7.4
2019-05-07,UJJIVAN,1,15.1
2019-05-07,BEML,0,15.2
2019-05-07,MINDTREE,1,-1.1
2019-05-07,PVR,1,-1.5
2019-06-07,AAVAS,1,5.9
2019-06-07,DCBBANK,0,-4.9
2019-06-07,UPL,0,-9.3
2019-06-07,BAJAJFINSV,0,-4.2
2019-06-07,INDIGO,0,-5.7
2019-06-07,TITAN,0,-13.4
2019-06-07,MANAPPURAM,0,-1.7
2019-06-07,INOXLEISUR,1,-8.6
2019-06-07,UJJIVAN,0,-20.6
2019-06-07,KAJARIACER,0,-7.3
2019-06-07,BAJFINANCE,1,2.7
2019-06-07,ICICIGI,1,-9.8
2019-06-07,JKCEMENT,1,-4.7
2019-06-07,CUB,1,-7.5
2019-06-07,PIIND,0,5.5
2019-06-07,NIITTECH,1,-0.6
2019-06-07,AXISBANK,0,-2.2
2019-06-07,SUNTECK,0,-6.2
2019-06-07,KOTAKBANK,0,-3.2
2019-06-07,ADANIGAS,1,-3.2
2019-06-07,SRF,1,-2.8
2019-06-07,BATAINDIA,0,0.8
2019-06-07,MUTHOOTFIN,0,-0.2
2019-06-07,BALRAMCHIN,1,-2.1
2019-06-07,KALPATPOWR,1,-2.2
2019-07-09,AAVAS,0,1.6
2019-07-09,JUSTDIAL,1,-14.9
2019-07-09,SRF,0,3.8
2019-07-09,AXISBANK,0,-16.0
2019-07-09,DCBBANK,0,-15.2
2019-07-09,RNAM,1,2.3
2019-07-09,DCMSHRIRAM,1,-30.5
2019-07-09,BAJFINANCE,0,-7.4
2019-07-09,NAUKRI,1,-2.2
2019-07-09,JKCEMENT,0,-0.3
2019-07-09,BATAINDIA,0,2.7
2019-07-09,ADANIGAS,0,-2.2
2019-07-09,PIIND,0,-4.4
2019-07-09,DEEPAKNTR,1,-5.5
2019-07-09,NIITTECH,0,-2.9
2019-07-09,SHREECEM,1,-5.2
2019-07-09,SBILIFE,1,7.1
2019-07-09,HDFCAMC,1,11.2
2019-07-09,KOTAKBANK,0,2.7
2019-07-09,MANAPPURAM,0,-6.9
2019-07-09,RAMCOCEM,1,-5.7
2019-07-09,IPCALAB,1,-1.0
2019-07-09,INDIGO,0,-3.1
2019-07-09,SUNTECK,0,-8.4
2019-07-09,BALRAMCHIN,0,-18.8
2019-08-08,RNAM,0,13.7
2019-08-08,HDFCAMC,0,23.2
2019-08-08,CANFINHOME,1,2.6
2019-08-08,HDFCLIFE,1,3.3
2019-08-08,SBILIFE,0,-1.8
2019-08-08,IPCALAB,0,0.2
2019-08-08,ADANIGAS,0,-10.9
2019-08-08,ICICIPRULI,1,6.4
2019-08-08,SRF,0,-4.4
2019-08-08,SHREECEM,0,-6.5
2019-08-08,ICICIGI,1,-5.4
2019-08-08,TATAGLOBAL,1,-4.4
2019-08-08,INTELLECT,1,3.1
2019-08-08,PIIND,0,16.0
2019-08-08,RAMCOCEM,0,1.0
2019-08-08,GSPL,1,2.0
2019-08-08,BATAINDIA,0,9.7
2019-08-08,JUSTDIAL,0,5.5
2019-08-08,ULTRACEMCO,1,-4.8
2019-08-08,MUTHOOTFIN,1,-5.8
2019-08-08,ADANIPOWER,1,7.7
2019-08-08,KOTAKBANK,0,-1.2
2019-08-08,PIDILITIND,1,3.7
2019-08-08,RAJESHEXPO,1,-2.0
2019-08-08,INDIGO,0,13.2
2019-09-13,HDFCAMC,0,2.0
2019-09-13,ABBOTINDIA,1,11.7
2019-09-13,PRESTIGE,1,-7.3
2019-09-13,NESTLEIND,1,14.4
2019-09-13,HDFCLIFE,0,10.3
2019-09-13,BERGEPAINT,1,32.1
2019-09-13,VINATIORGA,1,-4.3
2019-09-13,TRENT,1,10.0
2019-09-13,SBILIFE,0,13.1
2019-09-13,PIIND,0,2.3
2019-09-13,PIDILITIND,0,-1.5
2019-09-13,GSPL,0,-5.5
2019-09-13,TATAGLOBAL,0,7.9
2019-09-13,CANFINHOME,0,-1.8
2019-09-13,INDIGO,0,1.0
2019-09-13,RNAM,0,3.5
2019-09-13,GOLDBEES,1,2.0
2019-09-13,JUSTDIAL,0,-16.8
2019-09-13,AARTIIND,1,-5.8
2019-09-13,GODREJPROP,1,3.5
2019-09-13,ICICIPRULI,0,13.2
2019-09-13,KOTAKBANK,0,8.1
2019-09-13,LALPATHLAB,1,4.8
2019-09-13,MARICO,1,1.4
2019-09-13,APOLLOHOSP,1,2.0
2019-10-17,ADANIGREEN,1,9.2
2019-10-17,ABBOTINDIA,0,12.8
2019-10-17,HDFCAMC,0,38.7
2019-10-17,WHIRLPOOL,1,1.1
2019-10-17,HDFCLIFE,0,-4.2
2019-10-17,GRSE,1,32.8
2019-10-17,BERGEPAINT,0,-1.0
2019-10-17,SBILIFE,0,3.0
2019-10-17,NESTLEIND,0,-2.3
2019-10-17,TRENT,0,-1.5
2019-10-17,SIEMENS,1,-4.9
2019-10-17,GOLDBEES,0,-0.3
2019-10-17,GSKCONS,1,-1.1
2019-10-17,HINDUNILVR,1,-2.6
2019-10-17,TATAGLOBAL,0,8.0
2019-10-17,ICICIPRULI,0,5.7
2019-10-17,BPCL,1,0.2
2019-10-17,PIIND,0,8.7
2019-10-17,BATAINDIA,1,-6.2
2019-10-17,LALPATHLAB,0,13.9
2019-10-17,DMART,1,-5.5
2019-10-17,COLPAL,1,-1.2
2019-10-17,MCX,1,14.0
2019-10-17,BAJFINANCE,1,0.4
2019-10-17,RNAM,0,40.3
2019-11-21,HDFCAMC,0,-14.4
2019-11-21,ADANIGREEN,0,46.2
2019-11-21,ABBOTINDIA,0,6.4
2019-11-21,WHIRLPOOL,0,0.0
2019-11-21,CREDITACC,1,-1.0
2019-11-21,ADANIENT,1,4.4
2019-11-21,ADANIPOWER,1,-0.8
2019-11-21,GRSE,0,-8.6
2019-11-21,BERGEPAINT,0,8.0
2019-11-21,ICICIPRULI,0,0.7
2019-11-21,TATAGLOBAL,0,4.3
2019-11-21,RELAXO,1,10.5
2019-11-21,NESTLEIND,0,2.5
2019-11-21,POLYCAB,1,0.4
2019-11-21,RNAM,0,-8.9
2019-11-21,HDFCLIFE,0,4.6
2019-11-21,SCI,1,0.2
2019-11-21,DMART,0,5.7
2019-11-21,SBILIFE,0,7.2
2019-11-21,SIEMENS,0,-0.6
2019-11-21,IGL,1,3.9
2019-11-21,AVANTIFEED,1,11.4
2019-11-21,LALPATHLAB,0,-7.9
2019-11-21,PFIZER,1,2.9
2019-11-21,DABUR,1,-0.7
2019-12-23,ADANIGREEN,0,35.5
2019-12-23,ICICIPRULI,0,0.9
2019-12-23,ABBOTINDIA,0,-3.6
2019-12-23,RELAXO,0,7.5
2019-12-23,POLYCAB,0,5.3
2019-12-23,DIXON,1,12.0
2019-12-23,SCI,0,-4.1
2019-12-23,BERGEPAINT,0,6.2
2019-12-23,AVANTIFEED,0,22.8
2019-12-23,MCX,1,20.3
2019-12-23,HDFCAMC,0,-0.1
2019-12-23,SBILIFE,0,-1.1
2019-12-23,DMART,0,0.1
2019-12-23,HDFCLIFE,0,-0.0
2019-12-23,GLAXO,1,-0.7
2019-12-23,WHIRLPOOL,0,9.4
2019-12-23,ASTRAZEN,1,-9.1
2019-12-23,PFIZER,0,-4.6
2019-12-23,ISEC,1,24.7
2019-12-23,NESTLEIND,0,7.0
2019-12-23,GODFRYPHLP,1,6.8
2019-12-23,ADANIENT,0,7.0
2019-12-23,COROMANDEL,1,18.9
2019-12-23,ICICIBANK,1,-2.5
2019-12-23,CREDITACC,0,5.6
2020-01-23,ADANIGREEN,0,-6.1
2020-01-23,RELAXO,0,16.7
2020-01-23,BERGEPAINT,0,3.0
2020-01-23,COROMANDEL,0,1.2
2020-01-23,AVANTIFEED,0,-25.5
2020-01-23,DIXON,0,3.6
2020-01-23,GUJGASLTD,1,-0.2
2020-01-23,NAVINFLUOR,1,35.1
2020-01-23,AMBER,1,17.7
2020-01-23,NH,1,-2.3
2020-01-23,MCX,0,0.2
2020-01-23,IGL,1,-7.6
2020-01-23,ADANIENT,0,7.3
2020-01-23,GLAXO,0,-16.2
2020-01-23,ABBOTINDIA,0,27.5
2020-01-23,BALKRISIND,1,9.1
2020-01-23,GODFRYPHLP,0,-5.0
2020-01-23,ISEC,0,19.5
2020-01-23,NESTLEIND,0,5.3
2020-01-23,SRF,1,13.3
2020-01-23,GMRINFRA,1,14.7
2020-01-23,BATAINDIA,1,-4.5
2020-01-23,MGL,1,-6.8
2020-01-23,CREDITACC,0,22.3
2020-01-23,SCI,0,-10.6
2020-02-25,ADANIGREEN,0,-17.6
2020-02-25,ORISSAMINE,1,-54.9
2020-02-25,RELAXO,0,-24.3
2020-02-25,COROMANDEL,0,-15.9
2020-02-25,SUVEN,1,-60.0
2020-02-25,AFFLE,1,-23.0
2020-02-25,INDIAMART,1,-28.8
2020-02-25,ISEC,0,-46.9
2020-02-25,ABBOTINDIA,0,-12.7
2020-02-25,INOXLEISUR,1,-42.3
2020-02-25,DIXON,0,-18.2
2020-02-25,ADANIENT,0,-48.1
2020-02-25,POLYCAB,1,-33.3
2020-02-25,CREDITACC,0,-60.6
2020-02-25,AMBER,0,-20.7
2020-02-25,NAVINFLUOR,0,-11.2
2020-02-25,GMRINFRA,0,-37.8
2020-02-25,GMMPFAUDLR,1,-23.9
2020-02-25,BERGEPAINT,0,-14.7
2020-02-25,JUBLFOOD,1,-23.2
2020-02-25,DIVISLAB,1,-12.0
2020-02-25,ESCORTS,1,-21.1
2020-02-25,SRF,0,-33.8
2020-02-25,DEEPAKNTR,1,-25.7
2020-02-25,PVR,1,-38.2
2020-03-27,ADANIGREEN,0,41.7
2020-03-27,NAVINFLUOR,0,18.7
2020-03-27,IPCALAB,1,26.6
2020-03-27,GMMPFAUDLR,0,42.1
2020-03-27,ABBOTINDIA,0,29.4
2020-03-27,COROMANDEL,0,16.9
2020-03-27,ALKYLAMINE,1,51.6
2020-03-27,GRANULES,1,8.8
2020-03-27,ALKEM,1,14.0
2020-03-27,BIOCON,1,25.7
2020-03-27,AMBER,0,-12.4
2020-03-27,MIDHANI,1,13.9
2020-03-27,GUJGASLTD,1,5.7
2020-03-27,JBCHEPHARM,1,10.0
2020-03-27,AJANTPHARM,1,19.6
2020-03-27,BHARTIARTL,1,17.6
2020-03-27,DIXON,0,33.1
2020-03-27,RELAXO,0,1.1
2020-03-27,DIVISLAB,0,22.6
2020-03-27,INDIACEM,1,-2.6
2020-03-27,DEEPAKNTR,0,35.9
2020-03-27,ORIENTELEC,1,-10.2
2020-03-27,PFIZER,1,30.6
2020-03-27,MCX,1,2.5
2020-03-27,INDIAMART,0,28.3
2020-05-05,ADANIGREEN,0,34.8
2020-05-05,GMMPFAUDLR,0,21.0
2020-05-05,IPCALAB,0,-4.8
2020-05-05,ALKYLAMINE,0,16.8
2020-05-05,JBCHEPHARM,0,26.5
2020-05-05,ABBOTINDIA,0,-6.2
2020-05-05,NAVINFLUOR,0,5.7
2020-05-05,IOLCP,1,25.2
2020-05-05,DIXON,0,10.9
2020-05-05,BIOCON,0,11.6
2020-05-05,HDFCMFGETF,1,-1.6
2020-05-05,BHARTIARTL,0,10.7
2020-05-05,DRREDDY,1,5.0
2020-05-05,BAYERCROP,1,20.0
2020-05-05,AJANTPHARM,0,-1.1
2020-05-05,ALKEM,0,-10.5
2020-05-05,SETFGOLD,1,-1.4
2020-05-05,LAURUSLABS,1,-4.6
2020-05-05,FDC,1,8.9
2020-05-05,DIVISLAB,0,7.7
2020-05-05,DEEPAKNTR,0,-5.2
2020-05-05,TORNTPHARM,1,0.1
2020-05-05,PFIZER,0,-17.4
2020-05-05,COROMANDEL,0,9.0
2020-05-05,IRCTC,1,15.4
2020-06-05,ADANIGREEN,0,45.6
2020-06-05,AFFLE,1,12.7
2020-06-05,GMMPFAUDLR,0,-1.0
2020-06-05,IOLCP,0,44.0
2020-06-05,DMART,1,-5.5
2020-06-05,ASTEC,1,12.4
2020-06-05,NAVINFLUOR,0,7.0
2020-06-05,AARTIDRUGS,1,32.8
2020-06-05,JBCHEPHARM,0,0.6
2020-06-05,ALKYLAMINE,0,10.3
2020-06-05,INDIACEM,1,-3.5
2020-06-05,IRCTC,0,-4.0
2020-06-05,DIXON,0,17.5
2020-06-05,HDFCMFGETF,0,3.1
2020-06-05,AJANTPHARM,0,-4.1
2020-06-05,BAYERCROP,0,11.0
2020-06-05,DRREDDY,0,-5.0
2020-06-05,DIVISLAB,0,-11.2
2020-06-05,COROMANDEL,0,13.5
2020-06-05,AMBER,1,-4.2
2020-06-05,BIOCON,0,2.7
2020-06-05,GRANULES,1,12.4
2020-06-05,AUROPHARMA,1,4.3
2020-06-05,CIPLA,1,-2.2
2020-06-05,APLLTD,1,7.2
2020-07-07,IOLCP,0,34.1
2020-07-07,SUZLON,1,-16.0
2020-07-07,ADANIGREEN,0,-17.4
2020-07-07,GMMPFAUDLR,0,1.5
2020-07-07,AARTIDRUGS,0,67.3
2020-07-07,INDIACEM,0,-9.6
2020-07-07,NETWORK18,1,1.2
2020-07-07,INDOSTAR,1,-6.1
2020-07-07,ALKYLAMINE,0,4.7
2020-07-07,SPENCERS,1,-17.8
2020-07-07,ESCORTS,1,0.9
2020-07-07,NAVINFLUOR,0,7.0
2020-07-07,GRANULES,0,56.9
2020-07-07,JBCHEPHARM,0,3.3
2020-07-07,BAYERCROP,0,-5.9
2020-07-07,DAAWAT,1,17.0
2020-07-07,SHREDIGCEM,1,-5.4
2020-07-07,ASTEC,0,20.3
2020-07-07,MARKSANS,1,44.9
2020-07-07,DIXON,0,31.3
2020-07-07,DHANUKA,1,8.3
2020-07-07,IPCALAB,1,19.9
2020-07-07,APLLTD,0,18.3
2020-07-07,AUROPHARMA,0,17.2
2020-07-07,DCAL,1,44.7
2020-08-06,IOLCP,0,-1.0
2020-08-06,AARTIDRUGS,0,27.5
2020-08-06,MARKSANS,0,-0.5
2020-08-06,LAURUSLABS,1,16.1
2020-08-06,GRANULES,0,15.7
2020-08-06,AUROPHARMA,0,-12.7
2020-08-06,EVEREADY,1,5.9
2020-08-06,ALKYLAMINE,0,35.1
2020-08-06,HDFCMFGETF,1,-8.4
2020-08-06,SETFGOLD,1,-8.6
2020-08-06,DCAL,0,-11.2
2020-08-06,GOLDBEES,1,-8.5
2020-08-06,CIPLA,1,-2.0
2020-08-06,GMMPFAUDLR,0,31.1
2020-08-06,TATACOMM,1,5.2
2020-08-06,SHILPAMED,1,-9.9
2020-08-06,NAVINFLUOR,0,6.0
2020-08-06,IPCALAB,0,3.7
2020-08-06,APLLTD,0,-15.1
2020-08-06,CAPLIPOINT,1,-15.1
2020-08-06,TANLA,1,71.5
2020-08-06,DEEPAKNTR,1,11.5
2020-08-06,COSMOFILMS,1,-14.2
2020-08-06,DIXON,0,15.5
2020-08-06,RPOWER,1,-7.2
2020-09-07,AARTIDRUGS,0,36.2
2020-09-07,ADANIGREEN,1,25.9
2020-09-07,TANLA,0,22.4
2020-09-07,MARKSANS,0,12.1
2020-09-07,LAURUSLABS,0,42.5
2020-09-07,DIXON,0,-5.3
2020-09-07,TATACOMM,0,-1.2
2020-09-07,EVEREADY,0,-2.1
2020-09-07,IDEA,1,-27.2
2020-09-07,IOLCP,0,1.1
2020-09-07,ALKYLAMINE,0,-1.0
2020-09-07,MAJESCO,1,12.0
2020-09-07,AFFLE,1,-6.6
2020-09-07,GRANULES,0,-1.4
2020-09-07,ASTEC,1,-0.3
2020-09-07,NEULANDLAB,1,30.1
2020-09-07,DCAL,0,-9.4
2020-09-07,CIPLA,0,13.2
2020-09-07,RELIANCE,1,7.5
2020-09-07,SWSOLAR,1,-20.8
2020-09-07,TATACONSUM,1,-10.5
2020-09-07,RAMCOSYS,1,70.6
2020-09-07,DAAWAT,1,-4.2
2020-09-07,RPOWER,0,-15.6
2020-09-07,CDSL,1,0.3
2020-10-08,RAMCOSYS,0,-6.6
2020-10-08,TANLA,0,22.9
2020-10-08,AARTIDRUGS,0,-35.9
2020-10-08,ALOKINDS,1,-5.6
2020-10-08,LAURUSLABS,0,-21.9
2020-10-08,ADANIGREEN,0,29.2
2020-10-08,MAJESCO,0,9.0
2020-10-08,INTELLECT,1,4.0
2020-10-08,MASTEK,1,5.0
2020-10-08,CGPOWER,1,36.5
2020-10-08,TATACOMM,0,15.5
2020-10-08,GLOBUSSPR,1,0.0
2020-10-08,INFIBEAM,1,-3.0
2020-10-08,NEULANDLAB,0,-6.4
2020-10-08,VSTTILLERS,1,1.8
2020-10-08,WELSPUNIND,1,-10.2
2020-10-08,MINDTREE,1,-6.2
2020-10-08,KPITTECH,1,-19.1
2020-10-08,HEXAWARE,1,0.7
2020-10-08,TATAELXSI,1,8.8
2020-10-08,NUCLEUS,1,-11.3
2020-10-08,IOLCP,0,-8.5
2020-10-08,KEC,1,-3.2
2020-10-08,MARKSANS,0,-3.8
2020-10-08,BSOFT,1,-7.2
2020-11-09,RAMCOSYS,0,23.6
2020-11-09,KOPRAN,1,2.3
2020-11-09,ICIL,1,7.1
2020-11-09,MAJESCO,0,7.1
2020-11-09,TANLA,0,151.5
2020-11-09,CGPOWER,0,39.4
2020-11-09,MASTEK,0,14.3
2020-11-09,ADANIGREEN,0,15.8
2020-11-09,ESTER,1,8.0
2020-11-09,APLAPOLLO,1,12.2
2020-11-09,GLOBUSSPR,0,2.4
2020-11-09,LAURUSLABS,0,24.5
2020-11-09,MARKSANS,0,17.2
2020-11-09,GRANULES,1,0.6
2020-11-09,FSL,1,1.1
2020-11-09,TATACOMM,0,2.3
2020-11-09,NEULANDLAB,0,-8.1
2020-11-09,AARTIDRUGS,0,21.4
2020-11-09,DIXON,1,29.5
2020-11-09,WELSPUNIND,0,12.5
2020-11-09,SHREDIGCEM,1,-6.9
2020-11-09,BSOFT,0,8.9
2020-11-09,INFY,1,2.3
2020-11-09,WIPRO,1,0.4
2020-11-09,ADANIGAS,1,50.2
2020-12-11,CGPOWER,0,-7.8
2020-12-11,MAJESCO,0,-97.6
2020-12-11,INTELLECT,1,12.3
2020-12-11,ADANIENT,1,19.2
2020-12-11,RAMCOSYS,0,26.5
2020-12-11,LAURUSLABS,0,5.8
2020-12-11,CAMLINFINE,1,2.2
2020-12-11,EMAMILTD,1,12.5
2020-12-11,EVEREADY,1,5.3
2020-12-11,ESTER,0,-4.8
2020-12-11,INDIAMART,1,51.5
2020-12-11,ADANIGREEN,0,-11.5
2020-12-11,MASTEK,0,27.3
2020-12-11,AARTIDRUGS,0,-10.2
2020-12-11,CYIENT,1,4.4
2020-12-11,AFFLE,1,3.6
2020-12-11,APLAPOLLO,0,26.4
2020-12-11,VARROC,1,1.1
2020-12-11,CHOLAFIN,1,15.9
2020-12-11,JSLHISAR,1,17.9
2020-12-11,TEJASNET,1,-8.9
2020-12-11,UFLEX,1,-1.8
2020-12-11,SUVENPHAR,1,8.0
2020-12-11,DIXON,0,15.1
2020-12-11,BEPL,1,21.7
2021-01-13,TANLA,1,-0.7
2021-01-13,RAMCOSYS,0,-14.1
2021-01-13,ADANIENT,0,42.4
2021-01-13,INDIAMART,0,12.0
2021-01-13,GPIL,1,-7.7
2021-01-13,KELLTONTEC,1,8.0
2021-01-13,CGPOWER,0,11.2
2021-01-13,APLAPOLLO,0,2.7
2021-01-13,IFBIND,1,1.1
2021-01-13,PRINCEPIPE,1,42.5
2021-01-13,INTELLECT,0,36.1
2021-01-13,MASTEK,0,-9.7
2021-01-13,LAURUSLABS,0,5.9
2021-01-13,TEJASNET,0,31.2
2021-01-13,BEPL,0,-13.4
2021-01-13,EMAMILTD,0,-2.2
2021-01-13,ASHOKLEY,1,7.2
2021-01-13,ADANIGREEN,0,15.3
2021-01-13,KAJARIACER,1,27.9
2021-01-13,TATAELXSI,1,20.5
2021-01-13,GRASIM,1,18.8
2021-01-13,PERSISTENT,1,8.6
2021-01-13,SUNTECK,1,-3.9
2021-01-13,JSWSTEEL,1,0.2
2021-01-13,BLISSGVS,1,-14.1
2021-02-15,TANLA,0,22.7
2021-02-15,ADANIENT,0,14.1
2021-02-15,CGPOWER,0,25.9
2021-02-15,KELLTONTEC,0,-15.9
2021-02-15,KAJARIACER,0,-1.1
2021-02-15,BLUEDART,1,12.4
2021-02-15,ADANIGREEN,0,6.9
2021-02-15,RAMCOSYS,0,-4.2
2021-02-15,SOMANYCERA,1,1.1
2021-02-15,IFBIND,0,-14.2
2021-02-15,INDIAMART,0,-9.0
2021-02-15,ADANITRANS,1,12.9
2021-02-15,PRINCEPIPE,0,-2.6
2021-02-15,BORORENEW,1,-13.9
2021-02-15,TATAMTRDVR,1,-3.8
2021-02-15,MAGMA,1,16.4
2021-02-15,CENTURYPLY,1,-1.5
2021-02-15,TATAELXSI,0,-6.4
2021-02-15,GRASIM,0,13.0
2021-02-15,DIXON,1,8.0
2021-02-15,SAREGAMA,1,39.7
2021-02-15,BEPL,0,7.8
2021-02-15,AFFLE,1,8.5
2021-02-15,APLAPOLLO,0,24.9
2021-02-15,LAXMIMACH,1,13.9
2021-03-18,TANLA,0,-1.9
2021-03-18,EKC,1,86.5
2021-03-18,ADANIENT,0,32.9
2021-03-18,ADANITRANS,0,38.2
2021-03-18,IIFL,1,-21.7
2021-03-18,TATACHEM,1,1.5
2021-03-18,OLECTRA,1,-11.1
2021-03-18,MAGMA,0,-0.5
2021-03-18,INTELLECT,1,21.1
2021-03-18,KAJARIACER,0,-7.9
2021-03-18,BORORENEW,0,-7.1
2021-03-18,GRAPHITE,1,25.6
2021-03-18,GRASIM,0,-7.9
2021-03-18,ADANIPOWER,1,-1.6
2021-03-18,ASTRAL,1,-1.3
2021-03-18,DALBHARAT,1,-9.4
2021-03-18,SAREGAMA,0,17.1
2021-03-18,CGPOWER,0,17.8
2021-03-18,HINDCOPPER,1,15.3
2021-03-18,LINDEINDIA,1,8.1
2021-03-18,BEPL,0,4.4
2021-03-18,ADANIPORTS,1,6.7
2021-03-18,BLUEDART,0,-0.8
2021-03-18,GATI,1,-8.4
2021-03-18,TIINDIA,1,-4.5
2021-04-23,TANLA,0,0.2
2021-04-23,ADANIENT,0,14.3
2021-04-23,GREENPANEL,1,23.1
2021-04-23,ADANITRANS,0,30.7
2021-04-23,OLECTRA,0,-2.7
2021-04-23,BORORENEW,0,19.8
2021-04-23,HINDCOPPER,0,22.1
2021-04-23,CGPOWER,0,25.7
2021-04-23,VEDL,1,17.9
2021-04-23,SAREGAMA,0,39.6
2021-04-23,GRAPHITE,0,16.4
2021-04-23,MAGMA,0,10.3
2021-04-23,TATASTLBSL,1,59.5
2021-04-23,LINDEINDIA,0,-13.1
2021-04-23,APOLLOPIPE,1,8.4
2021-04-23,PRAJIND,1,65.6
2021-04-23,POLYCAB,1,13.5
2021-04-23,TATASTEEL,1,16.9
2021-04-23,INTELLECT,0,6.5
2021-04-23,ALKYLAMINE,1,29.6
2021-04-23,TATACHEM,0,-3.6
2021-04-23,DEEPAKNTR,1,9.6
2021-04-23,IIFL,0,5.8
2021-04-23,TIINDIA,0,7.5
2021-04-23,MAXHEALTH,1,3.1
2021-05-26,TANLA,0,1.0
2021-05-26,PRAJIND,0,14.9
2021-05-26,GRAPHITE,0,-17.5
2021-05-26,GREENPANEL,0,5.6
2021-05-26,ADANIENT,0,14.9
2021-05-26,ADANITRANS,0,24.1
2021-05-26,HINDCOPPER,0,-8.7
2021-05-26,VEDL,0,-2.5
2021-05-26,MAGMA,0,17.7
2021-05-26,GDL,1,-8.1
2021-05-26,JSWISPL,1,-3.3
2021-05-26,TATAELXSI,1,5.8
2021-05-26,FILATEX,1,4.5
2021-05-26,SUPPETRO,1,-0.4
2021-05-26,SAIL,1,10.6
2021-05-26,SHAKTIPUMP,1,-0.8
2021-05-26,3IINFOTECH,1,-5.4
2021-05-26,BALAMINES,1,-3.1
2021-05-26,ELECON,1,30.7
2021-05-26,PERSISTENT,1,4.2
2021-05-26,INEOSSTYRO,1,4.9
2021-05-26,PRINCEPIPE,1,-5.0
2021-05-26,BORORENEW,0,0.4
2021-05-26,MANGCHEFER,1,-5.5
2021-05-26,TATASTLBSL,0,-5.1
2021-06-25,RELCAPITAL,1,-34.4
2021-06-25,RTNPOWER,1,13.6
2021-06-25,ELECON,0,1.2
2021-06-25,ADANIENT,0,-7.9
2021-06-25,TATAELXSI,0,10.8
2021-06-25,HAPPSTMNDS,1,47.3
2021-06-25,SALASAR,1,-5.1
2021-06-25,BALAMINES,0,24.5
2021-06-25,PRINCEPIPE,0,-3.1
2021-06-25,TATAMTRDVR,1,-13.9
2021-06-25,FSL,1,21.4
2021-06-25,POLYCAB,1,-8.5
2021-06-25,TNPETRO,1,20.5
2021-06-25,KPITTECH,1,18.9
2021-06-25,PANAMAPET,1,10.6
2021-06-25,DEEPAKNTR,1,6.4
2021-06-25,BAJAJHIND,1,0.3
2021-06-25,SKFINDIA,1,9.4
2021-06-25,GRASIM,1,1.8
2021-06-25,FACT,1,-1.5
2021-06-25,MAXHEALTH,1,7.1
2021-06-25,RENUKA,1,10.0
2021-06-25,MASTEK,1,13.0
2021-06-25,DALMIASUG,1,6.5
2021-06-25,TRIVENI,1,-7.9
2021-07-28,JSWENERGY,1,-20.4
2021-07-28,HAPPSTMNDS,0,2.0
2021-07-28,TNPETRO,0,-12.5
2021-07-28,GOLDIAM,1,23.9
2021-07-28,HITECH,1,-21.4
2021-07-28,COSMOFILMS,1,14.8
2021-07-28,BALAMINES,0,19.0
2021-07-28,KPRMILL,1,-12.9
2021-07-28,HIKAL,1,21.3
2021-07-28,NITINSPIN,1,9.4
2021-07-28,FLUOROCHEM,1,1.9
2021-07-28,JKLAKSHMI,1,-2.5
2021-07-28,ADANIENT,0,8.3
2021-07-28,PRINCEPIPE,0,-1.7
2021-07-28,HIL,1,3.7
2021-07-28,LINDEINDIA,1,35.6
2021-07-28,KPITTECH,0,17.0
2021-07-28,GOODLUCK,1,13.1
2021-07-28,DALMIASUG,0,-6.7
2021-07-28,GUJGASLTD,1,0.8
2021-07-28,HINDCOPPER,1,-19.7
2021-07-28,AMBUJACEM,1,2.0
2021-07-28,LUXIND,1,-4.3
2021-07-28,ASTRAL,1,-1.3
2021-07-28,ELECON,0,17.5
2021-08-30,HIKAL,0,-6.6
2021-08-30,GOODLUCK,0,7.0
2021-08-30,MINDTREE,1,16.7
2021-08-30,FLUOROCHEM,0,12.5
2021-08-30,SSWL,1,-7.3
2021-08-30,TNPETRO,0,8.9
2021-08-30,KPITTECH,0,1.8
2021-08-30,ELECON,0,2.8
2021-08-30,BALAMINES,0,13.3
2021-08-30,DYNAMATECH,1,26.9
2021-08-30,COSMOFILMS,0,10.3
2021-08-30,COFORGE,1,2.3
2021-08-30,PERSISTENT,1,11.8
2021-08-30,HAPPSTMNDS,0,8.5
2021-08-30,MASTEK,1,20.1
2021-08-30,SRF,1,16.1
2021-08-30,LUXIND,0,-11.0
2021-08-30,FAIRCHEMOR,1,-1.6
2021-08-30,BALRAMCHIN,1,-0.7
2021-08-30,DEEPAKNTR,1,6.0
2021-08-30,PITTIENG,1,-0.1
2021-08-30,GODREJCP,1,-5.3
2021-08-30,TATASTEEL,1,-10.5
2021-08-30,KPRMILL,0,12.5
2021-08-30,ALKYLAMINE,1,-12.0
2021-09-30,SHREYAS,1,5.0
2021-09-30,HIKAL,0,-11.0
2021-09-30,FLUOROCHEM,0,1.6
2021-09-30,MANALIPETC,1,-3.0
2021-09-30,KIRLOSBROS,1,-3.1
2021-09-30,MASTEK,0,-9.4
2021-09-30,BALAMINES,0,-25.8
2021-09-30,NELCO,1,13.5
2021-09-30,ANANTRAJ,1,7.7
2021-09-30,MANINFRA,1,15.4
2021-09-30,TIRUMALCHM,1,-15.2
2021-09-30,SRF,0,-3.1
2021-09-30,IIFL,1,28.4
2021-09-30,SAKSOFT,1,-14.5
2021-09-30,RKFORGE,1,-0.2
2021-09-30,LUXIND,0,8.9
2021-09-30,HLEGLAS,1,4.3
2021-09-30,SEAMECLTD,1,-2.8
2021-09-30,TATAELXSI,1,8.7
2021-09-30,MINDTREE,0,12.2
2021-09-30,GPIL,1,2.1
2021-09-30,GNA,1,-15.1
2021-09-30,ADANIPOWER,1,31.4
2021-09-30,ELECON,0,-2.6
2021-09-30,PERSISTENT,0,9.6
2021-11-02,XPROINDIA,1,49.8
2021-11-02,BCG,1,60.9
2021-11-02,CDSL,1,8.4
2021-11-02,IIFL,0,-10.0
2021-11-02,RPOWER,1,15.2
2021-11-02,MANINFRA,0,-30.0
2021-11-02,BESTAGRO,1,-9.0
2021-11-02,ADANIPOWER,0,-4.4
2021-11-02,RENUKA,1,-5.9
2021-11-02,LUXIND,0,-2.4
2021-11-02,TTML,1,136.0
2021-11-02,MANALIPETC,0,2.1
2021-11-02,TRIDENT,1,16.8
2021-11-02,HGINFRA,1,-20.8
2021-11-02,DEEPAKFERT,1,-12.4
2021-11-02,DATAMATICS,1,-14.6
2021-11-02,FLUOROCHEM,0,25.2
2021-11-02,TCI,1,-12.8
2021-11-02,GOKEX,1,12.9
2021-11-02,MINDTREE,0,-6.8
2021-11-02,CRAFTSMAN,1,-13.6
2021-11-02,PERSISTENT,0,4.1
2021-11-02,GOLDIAM,1,-16.7
2021-11-02,BSE,1,37.1
2021-11-02,RTNPOWER,1,2.5
2021-12-06,TTML,0,4.7
2021-12-06,LYKALABS,1,10.4
2021-12-06,XPROINDIA,0,2.7
2021-12-06,BESTAGRO,0,-14.6
2021-12-06,RENUKA,0,32.0
2021-12-06,KOPRAN,1,15.9
2021-12-06,NITINSPIN,1,6.5
2021-12-06,CDSL,0,2.2
2021-12-06,TRIDENT,0,12.5
2021-12-06,ADANIPOWER,0,0.4
2021-12-06,SSWL,1,2.8
2021-12-06,HFCL,1,9.3
2021-12-06,FLUOROCHEM,0,11.2
2021-12-06,LTTS,1,11.3
2021-12-06,ZENTEC,1,6.2
2021-12-06,ALLCARGO,1,14.6
2021-12-06,JBMA,1,6.6
2021-12-06,LODHA,1,-13.5
2021-12-06,TANLA,1,10.9
2021-12-06,GRAVITA,1,51.2
2021-12-06,HGS,1,24.7
2021-12-06,MTARTECH,1,6.2
2021-12-06,PERSISTENT,0,10.3
2021-12-06,MINDTREE,0,6.8
2021-12-06,GPIL,1,7.0
2022-01-05,RENUKA,0,7.3
2022-01-05,KOPRAN,0,-3.3
2022-01-05,RPOWER,1,33.6
2022-01-05,BAJAJHIND,1,1.2
2022-01-05,PRAJIND,1,15.0
2022-01-05,EXPLEOSOL,1,-16.4
2022-01-05,HGS,0,-30.1
2022-01-05,RELINFRA,1,37.5
2022-01-05,HFCL,0,-5.4
2022-01-05,HAPPSTMNDS,1,-5.5
2022-01-05,SEAMECLTD,1,-2.4
2022-01-05,TRIDENT,0,13.6
2022-01-05,EASEMYTRIP,1,10.0
2022-01-05,JINDWORLD,1,40.3
2022-01-05,SPTL,1,-16.2
2022-01-05,CDSL,0,-0.8
2022-01-05,EKC,1,9.5
2022-01-05,NEWGEN,1,-3.7
2022-01-05,ADANIPOWER,0,11.9
2022-01-05,LTTS,0,-23.9
2022-01-05,ZENTEC,0,-4.3
2022-01-05,63MOONS,1,5.2
2022-01-05,ZEEMEDIA,1,13.2
2022-01-05,DYNAMATECH,1,3.0
2022-01-05,JSWISPL,1,-1.2
2022-02-07,RENUKA,0,1.3
2022-02-07,JINDWORLD,0,-9.9
2022-02-07,RPOWER,0,-26.8
2022-02-07,PRAJIND,0,-12.5
2022-02-07,BAJAJHIND,0,-7.4
2022-02-07,AJMERA,1,-21.9
2022-02-07,RELINFRA,0,-16.5
2022-02-07,EASEMYTRIP,0,-9.3
2022-02-07,HAPPSTMNDS,0,-9.6
2022-02-07,NITINSPIN,1,-13.3
2022-02-07,CREATIVE,1,-3.3
2022-02-07,ADANIPOWER,0,9.7
2022-02-07,BORORENEW,1,-11.1
2022-02-07,BLS,1,-13.3
2022-02-07,ZENTEC,0,-4.5
2022-02-07,RAMKY,1,-17.8
2022-02-07,CDSL,0,-3.2
2022-02-07,HFCL,0,-9.1
2022-02-07,DEEPAKFERT,1,-11.4
2022-02-07,JBMA,1,-26.0
2022-02-07,ADANIGREEN,1,-7.1
2022-02-07,TATAPOWER,1,-7.8
2022-02-07,NEWGEN,0,-10.0
2022-02-07,KOPRAN,0,-8.7
2022-02-07,JPASSOCIAT,1,-11.6
2022-03-10,GTLINFRA,1,-5.7
2022-03-10,BCG,1,29.0
2022-03-10,ADANITRANS,1,17.9
2022-03-10,NELCO,1,0.3
2022-03-10,JINDWORLD,0,-1.5
2022-03-10,RENUKA,0,49.9
2022-03-10,RELINFRA,0,10.4
2022-03-10,PRAJIND,0,8.9
2022-03-10,JBMA,0,15.1
2022-03-10,MIRZAINT,1,22.3
2022-03-10,RPOWER,0,11.8
2022-03-10,ESCORTS,1,-15.2
2022-03-10,BORORENEW,0,2.5
2022-03-10,BSE,1,3.6
2022-03-10,SPECIALITY,1,14.8
2022-03-10,BIRLACABLE,1,-4.0
2022-03-10,TATAPOWER,0,18.5
2022-03-10,ADANIPOWER,0,88.4
2022-03-10,BUTTERFLY,1,2.6
2022-03-10,GMDCLTD,1,24.6
2022-03-10,BAJAJHIND,0,10.9
2022-03-10,GNFC,1,36.0
2022-03-10,CDSL,0,-2.7
2022-03-10,SINTEX,1,-11.9
2022-03-10,HAPPSTMNDS,0,8.0
2022-04-12,TTML,1,-32.7
2022-04-12,ATGL,1,-0.1
2022-04-12,RTNPOWER,1,-25.4
2022-04-12,GTLINFRA,0,-18.2
2022-04-12,ADANITRANS,0,-13.0
2022-04-12,LYKALABS,1,-23.8
2022-04-12,SAREGAMA,1,-16.6
2022-04-12,RPOWER,0,-17.8
2022-04-12,BLS,1,0.7
2022-04-12,RELINFRA,0,-12.9
2022-04-12,STEELXIND,1,-41.1
2022-04-12,VIKASECO,1,-30.6
2022-04-12,MIRZAINT,0,-8.7
2022-04-12,PRAJIND,0,-14.2
2022-04-12,ADANIPOWER,0,21.6
2022-04-12,ADANIGREEN,1,-18.1
2022-04-12,GMDCLTD,0,-13.3
2022-04-12,BORORENEW,0,2.3
2022-04-12,GREENPOWER,1,-10.6
2022-04-12,BDL,1,-6.4
2022-04-12,RUSHIL,1,-21.1
2022-04-12,NDTV,1,-16.6
2022-04-12,UGARSUGAR,1,-23.3
2022-04-12,EASEMYTRIP,1,-2.9
2022-04-12,BSE,0,-17.5
2022-05-17,BCG,1,-25.7
2022-05-17,TTML,0,-8.7
2022-05-17,ATGL,0,-5.0
2022-05-17,RTNPOWER,0,-19.3
2022-05-17,TRIDENT,1,-21.7
2022-05-17,JSWENERGY,1,-22.3
2022-05-17,BLS,0,26.9
2022-05-17,SAREGAMA,0,-8.0
2022-05-17,ADANITRANS,0,-8.9
2022-05-17,GTLINFRA,0,-3.7
2022-05-17,CHENNPETRO,1,7.0
2022-05-17,SWANENERGY,1,-22.6
2022-05-17,GMDCLTD,0,-23.1
2022-05-17,ADANIPOWER,0,-7.6
2022-05-17,MIRZAINT,0,24.0
2022-05-17,PRECWIRE,1,-14.5
2022-05-17,FLUOROCHEM,1,-1.2
2022-05-17,SHARDACROP,1,-9.3
2022-05-17,RELINFRA,0,-10.9
2022-05-17,EASEMYTRIP,0,-7.4
2022-05-17,PRAJIND,0,-3.3
2022-05-17,ADANIGREEN,0,-25.1
2022-05-17,GOKEX,1,-18.0
2022-05-17,JBMA,1,-16.1
2022-05-17,GAEL,1,-17.7
2022-06-16,BCG,0,-2.8
2022-06-16,TTML,0,-1.3
2022-06-16,ATGL,0,19.2
2022-06-16,CHENNPETRO,0,-18.1
2022-06-16,ADANIPOWER,0,11.8
2022-06-16,TRIDENT,0,-1.2
2022-06-16,BLS,0,11.1
2022-06-16,ADANITRANS,0,40.3
2022-06-16,FLUOROCHEM,0,26.7
2022-06-16,SHARDACROP,0,6.6
2022-06-16,VADILALIND,1,9.7
2022-06-16,MIRZAINT,0,10.5
2022-06-16,RTNPOWER,0,8.5
2022-06-16,BDL,1,-9.6
2022-06-16,JSWENERGY,0,10.2
2022-06-16,DEEPAKFERT,1,11.5
2022-06-16,MRPL,1,-25.6
2022-06-16,GMDCLTD,0,7.4
2022-06-16,HAL,1,-1.3
2022-06-16,JKIL,1,19.0
2022-06-16,MAHLIFE,1,5.6
2022-06-16,SAREGAMA,0,7.2
2022-06-16,STEELXIND,1,54.1
2022-06-16,SCHAEFFLER,1,14.4
2022-06-16,APCOTEXIND,1,-6.0
2022-07-18,BCG,0,-3.4
2022-07-18,TTML,0,-10.7
2022-07-18,RAJRATAN,1,30.5
2022-07-18,ADANIPOWER,0,42.1
2022-07-18,ATGL,0,19.7
2022-07-18,STEELXIND,0,-43.1
2022-07-18,ADANITRANS,0,22.0
2022-07-18,BLS,0,-2.2
2022-07-18,FLUOROCHEM,0,7.7
2022-07-18,SHARDACROP,0,-24.6
2022-07-18,CREDITACC,1,-3.2
2022-07-18,JKIL,0,-3.3
2022-07-18,CHENNPETRO,0,8.2
2022-07-18,ITC,1,5.7
2022-07-18,VOLTAMP,1,-10.2
2022-07-18,MFL,1,-1.6
2022-07-18,MARATHON,1,7.0
2022-07-18,BDL,0,17.3
2022-07-18,MAHLIFE,0,11.3
2022-07-18,GAEL,1,-10.0
2022-07-18,VBL,1,15.4
2022-07-18,WSTCSTPAPR,1,47.9
2022-07-18,INOXLEISUR,1,-7.7
2022-07-18,TVSMOTOR,1,9.2
2022-07-18,JSWENERGY,0,35.1
2022-08-19,ADANIPOWER,0,-19.3
2022-08-19,PCJEWELLER,1,2.7
2022-08-19,RAJRATAN,0,15.8
2022-08-19,FLUOROCHEM,0,4.8
2022-08-19,WSTCSTPAPR,0,-2.1
2022-08-19,SHOPERSTOP,1,20.5
2022-08-19,ATGL,0,5.1
2022-08-19,BCG,0,-16.6
2022-08-19,ADANIENT,1,16.3
2022-08-19,ITC,0,9.3
2022-08-19,CHENNPETRO,0,-5.9
2022-08-19,SCHAEFFLER,1,13.2
2022-08-19,VADILALIND,1,9.0
2022-08-19,TNPL,1,-1.2
2022-08-19,ELECON,1,8.6
2022-08-19,BLS,0,23.0
2022-08-19,ADANITRANS,0,6.3
2022-08-19,KKCL,1,0.7
2022-08-19,TVSMOTOR,0,11.4
2022-08-19,JSWENERGY,0,6.7
2022-08-19,VBL,0,13.8
2022-08-19,HAL,1,9.5
2022-08-19,MIRZAINT,1,7.5
2022-08-19,LSIL,1,-2.1
2022-08-19,JKPAPER,1,-6.1
2022-09-21,ADANIENT,0,-9.1
2022-09-21,RAJRATAN,0,-28.6
2022-09-21,FLUOROCHEM,0,4.0
2022-09-21,VISHNU,1,-5.4
2022-09-21,ELECON,0,-2.0
2022-09-21,TVSMOTOR,0,7.3
2022-09-21,VINYLINDIA,1,-4.5
2022-09-21,BLS,0,16.4
2022-09-21,ITC,0,2.0
2022-09-21,AMBUJACEM,1,-4.5
2022-09-21,POWERMECH,1,-2.2
2022-09-21,GRAVITA,1,12.0
2022-09-21,SCHAEFFLER,0,-7.7
2022-09-21,M&M,1,-2.7
2022-09-21,FCL,1,7.4
2022-09-21,INDHOTEL,1,-3.0
2022-09-21,GOODLUCK,1,-6.6
2022-09-21,SHOPERSTOP,0,4.4
2022-09-21,UJJIVAN,1,9.7
2022-09-21,ITDCEM,1,8.0
2022-09-21,BEL,1,-3.4
2022-09-21,KKCL,0,16.4
2022-09-21,VBL,0,-8.4
2022-09-21,EICHERMOT,1,-1.1
2022-09-21,MFL,1,-9.6
2022-10-24,SDBL,1,19.7
2022-10-24,KKCL,0,-3.3
2022-10-24,TVSMOTOR,0,-9.5
2022-10-24,APARINDS,1,-0.4
2022-10-24,ELECON,0,23.8
2022-10-24,MAHINDCIE,1,-7.4
2022-10-24,POWERMECH,0,16.1
2022-10-24,LIBERTSHOE,1,5.1
2022-10-24,FLUOROCHEM,0,-8.5
2022-10-24,ITDCEM,0,-5.4
2022-10-24,ITC,0,-2.1
2022-10-24,KARURVYSYA,1,12.7
2022-10-24,BLS,0,8.1
2022-10-24,ROLEXRINGS,1,-3.5
2022-10-24,KUANTUM,1,-7.1
2022-10-24,ROHLTD,1,7.8
2022-10-24,MAZDOCK,1,33.2
2022-10-24,WESTLIFE,1,-1.6
2022-10-24,SHANTIGEAR,1,6.9
2022-10-24,SHOPERSTOP,0,-12.2
2022-10-24,DBREALTY,1,-2.8
2022-10-24,M&M,0,-0.8
2022-10-24,SCHAEFFLER,0,-4.6
2022-10-24,UJJIVAN,0,21.8
2022-10-24,NELCO,1,-15.9
2022-11-25,SDBL,0,-14.3
2022-11-25,ELECON,0,-18.2
2022-11-25,MAZDOCK,0,-3.6
2022-11-25,UNIONBANK,1,8.2
2022-11-25,UJJIVAN,0,-13.8
2022-11-25,APARINDS,0,15.8
2022-11-25,KARURVYSYA,0,5.9
2022-11-25,PSUBNKBEES,1,4.1
2022-11-25,KTKBANK,1,2.3
2022-11-25,RVNL,1,-13.3
2022-11-25,ADANIENT,1,-3.4
2022-11-25,CGPOWER,1,-6.3
2022-11-25,FIEMIND,1,-12.5
2022-11-25,HSCL,1,-8.7
2022-11-25,RAMASTEEL,1,-1.6
2022-11-25,MAHINDCIE,0,11.8
2022-11-25,KPIGREEN,1,-3.8
2022-11-25,BANKBARODA,1,5.8
2022-11-25,WSTCSTPAPR,1,-19.3
2022-11-25,WESTLIFE,0,5.4
2022-11-25,IDFCFIRSTB,1,-3.6
2022-11-25,POWERMECH,0,-6.0
2022-11-25,DLINKINDIA,1,-23.0
2022-11-25,CANBK,1,-6.1
2022-11-25,ITDCEM,0,2.2
2022-12-27,DFMFOODS,1,0.2
2022-12-27,MAZDOCK,0,-12.2
2022-12-27,VENUSPIPES,1,3.1
2022-12-27,VINYLINDIA,1,-15.2
2022-12-27,KARURVYSYA,0,-4.3
2022-12-27,PCJEWELLER,1,-25.0
2022-12-27,POWERMECH,0,-9.6
2022-12-27,KIRLOSENG,1,-7.6
2022-12-27,UCOBANK,1,-12.5
2022-12-27,JSL,1,16.9
2022-12-27,KKCL,1,-12.7
2022-12-27,FACT,1,0.9
2022-12-27,SOUTHBANK,1,-6.4
2022-12-27,APOLLOTYRE,1,-4.7
2022-12-27,IDFCFIRSTB,0,-0.4
2022-12-27,LT,1,1.7
2022-12-27,UJJIVAN,0,4.5
2022-12-27,WESTLIFE,0,-9.0
2022-12-27,JSLHISAR,1,15.3
2022-12-27,JINDALSTEL,1,2.1
2022-12-27,PSUBNKBEES,0,-9.3
2022-12-27,CEATLTD,1,-7.1
2022-12-27,JKLAKSHMI,1,-11.3
2022-12-27,UNIONBANK,0,-9.5
2022-12-27,ADANIENT,0,-26.7
2023-01-27,VENUSPIPES,0,-1.2
2023-01-27,JSL,0,3.9
2023-01-27,MAZDOCK,0,-0.2
2023-01-27,PCJEWELLER,0,-51.5
2023-01-27,JSLHISAR,0,10.1
2023-01-27,POWERMECH,0,11.6
2023-01-27,TRIL,1,-14.4
2023-01-27,FACT,0,-21.0
2023-01-27,RVNL,1,-21.2
2023-01-27,KIRLFER,1,22.1
2023-01-27,UCOBANK,0,-8.8
2023-01-27,KIRLOSENG,0,5.5
2023-01-27,IDFCFIRSTB,0,-1.0
2023-01-27,JINDALSTEL,0,-6.6
2023-01-27,SOUTHBANK,0,-0.9
2023-01-27,KARURVYSYA,0,-2.3
2023-01-27,IDFC,1,-6.9
2023-01-27,GRAVITA,1,-7.3
2023-01-27,APOLLO,1,-5.1
2023-01-27,ANANDRATHI,1,-9.2
2023-01-27,TATAINVEST,1,-3.7
2023-01-27,GRSE,1,-15.3
2023-01-27,BECTORFOOD,1,5.9
2023-01-27,SOLARINDS,1,-4.5
2023-01-27,INDIANB,1,-8.9
2023-02-28,VENUSPIPES,0,7.1
2023-02-28,JSLHISAR,0,14.8
2023-02-28,JSL,0,8.3
2023-02-28,IONEXCHANG,1,0.3
2023-02-28,MOLDTECH,1,0.5
2023-02-28,SOUTHBANK,0,-8.1
2023-02-28,VERTOZ,1,-5.7
2023-02-28,KTKBANK,1,-8.8
2023-02-28,KIRLFER,0,8.6
2023-02-28,UCOBANK,0,0.4
2023-02-28,ATULAUTO,1,6.5
2023-02-28,BLUESTARCO,1,-3.4
2023-02-28,MAZDOCK,0,-8.7
2023-02-28,JINDALSAW,1,-0.8
2023-02-28,RVNL,0,31.2
2023-02-28,SUPREMEIND,1,-9.0
2023-02-28,TRITURBINE,1,2.6
2023-02-28,KPITTECH,1,-2.2
2023-02-28,PNBHOUSING,1,-9.4
2023-02-28,SAKSOFT,1,2.1
2023-02-28,HNDFDS,1,-8.1
2023-02-28,EQUITASBNK,1,-4.5
2023-02-28,FOODSIN,1,-5.2
2023-02-28,FINCABLES,1,15.7
2023-02-28,TWL,1,33.1
2023-04-03,JSL,0,0.8
2023-04-03,RVNL,0,70.2
2023-04-03,UCOBANK,0,5.8
2023-04-03,KIRLFER,0,-8.1
2023-04-03,J&KBANK,1,9.9
2023-04-03,IMAGICAA,1,-6.4
2023-04-03,HARIOMPIPE,1,14.1
2023-04-03,USHAMART,1,6.3
2023-04-03,JBMA,1,17.8
2023-04-03,SONATSOFTW,1,-1.4
2023-04-03,TWL,0,22.5
2023-04-03,ATULAUTO,0,-2.2
2023-04-03,FACT,1,47.5
2023-04-03,KTKBANK,0,1.3
2023-04-03,IONEXCHANG,0,12.2
2023-04-03,MARKSANS,1,6.7
2023-04-03,FINCABLES,0,10.1
2023-04-03,NCC,1,5.5
2023-04-03,APARINDS,1,0.1
2023-04-03,JINDALSAW,0,8.3
2023-04-03,SUNFLAG,1,4.5
2023-04-03,BECTORFOOD,1,9.3
2023-04-03,RELINFRA,1,2.7
2023-04-03,CUMMINSIND,1,1.1
2023-04-03,UNIONBANK,1,6.4
2023-05-09,SBC,1,19.8
2023-05-09,RVNL,0,-2.3
2023-05-09,JSL,0,8.1
2023-05-09,HARIOMPIPE,0,20.8
2023-05-09,VERTOZ,1,-2.3
2023-05-09,FACT,0,3.0
2023-05-09,MOLDTECH,1,8.7
2023-05-09,UCOBANK,0,-0.2
2023-05-09,SUNFLAG,0,-2.6
2023-05-09,VINYLINDIA,1,0.4
2023-05-09,TWL,0,16.5
2023-05-09,SURYAROSNI,1,-2.8
2023-05-09,JBMA,0,13.5
2023-05-09,IONEXCHANG,0,7.1
2023-05-09,JINDALSAW,0,42.7
2023-05-09,SUVENPHAR,1,0.0
2023-05-09,CYIENT,1,16.7
2023-05-09,NEWGEN,1,12.8
2023-05-09,NCC,0,10.1
2023-05-09,MARKSANS,0,13.9
2023-05-09,FINCABLES,0,-11.9
2023-05-09,BECTORFOOD,0,26.2
2023-05-09,USHAMART,0,10.4
2023-05-09,PSB,1,2.7
2023-05-09,KAMDHENU,1,-5.6
2023-06-08,USHAMART,0,15.8
2023-06-08,JINDALSAW,0,36.8
2023-06-08,JBMA,0,43.9
2023-06-08,FOODSIN,1,10.0
2023-06-08,NUCLEUS,1,-4.7
2023-06-08,HARIOMPIPE,0,-1.8
2023-06-08,ZENTEC,1,11.3
2023-06-08,PGEL,1,-5.6
2023-06-08,BECTORFOOD,0,5.3
2023-06-08,MANAKSIA,1,-14.5
2023-06-08,VENUSPIPES,1,7.5
2023-06-08,LSIL,1,11.0
2023-06-08,ITC,1,6.8
2023-06-08,FACT,0,45.3
2023-06-08,TWL,0,7.5
2023-06-08,JSL,0,17.3
2023-06-08,SAFARI,1,8.4
2023-06-08,MAHINDCIE,1,-1.0
2023-06-08,KAYNES,1,14.7
2023-06-08,SAKSOFT,1,19.6
2023-06-08,BAJAJ-AUTO,1,2.4
2023-06-08,RKFORGE,1,15.9
2023-06-08,HGINFRA,1,-4.4
2023-06-08,ANANTRAJ,1,12.7
2023-06-08,NAVA,1,3.5
2023-07-11,JINDALSAW,0,10.9
2023-07-11,OLECTRA,1,-19.6
2023-07-11,SDBL,1,0.5
2023-07-11,ZENTEC,0,71.5
2023-07-11,ITC,0,-4.5
2023-07-11,JBMA,0,-5.3
2023-07-11,VENUSPIPES,0,16.1
2023-07-11,NUCLEUS,0,-1.3
2023-07-11,TATAMOTORS,1,-1.6
2023-07-11,ABB,1,0.1
2023-07-11,CHENNPETRO,1,-15.5
2023-07-11,MON100,1,1.4
2023-07-11,ANUP,1,7.9
2023-07-11,BECTORFOOD,0,24.3
2023-07-11,ACE,1,25.7
2023-07-11,SAFARI,0,11.2
2023-07-11,FOODSIN,0,-3.1
2023-07-11,KAYNES,0,3.4
2023-07-11,SAKSOFT,0,-0.1
2023-07-11,AUROPHARMA,1,18.7
2023-07-11,TATAMTRDVR,1,19.7
2023-07-11,HAL,1,-3.2
2023-07-11,BCLIND,1,-2.6
2023-07-11,KIRLOSBROS,1,32.0
2023-07-11,IONEXCHANG,1,-1.4
2023-08-10,VENUSPIPES,0,10.5
2023-08-10,ZENTEC,0,5.6
2023-08-10,SDBL,0,1.2
2023-08-10,AUROPHARMA,0,-0.3
2023-08-10,GLENMARK,1,0.5
2023-08-10,POWERMECH,1,6.8
2023-08-10,PFC,1,5.9
2023-08-10,KIRLOSBROS,0,-9.6
2023-08-10,NEULANDLAB,1,-11.8
2023-08-10,APARINDS,1,23.6
2023-08-10,ACE,0,-11.9
2023-08-10,DBCORP,1,-11.9
2023-08-10,ITDCEM,1,10.3
2023-08-10,TARC,1,4.1
2023-08-10,UNICHEMLAB,1,-0.2
2023-08-10,BECTORFOOD,0,-4.8
2023-08-10,RKFORGE,1,15.0
2023-08-10,ANANTRAJ,1,15.5
2023-08-10,ZOMATO,1,4.8
2023-08-10,MARINE,1,-3.7
2023-08-10,PREMEXPLN,1,15.0
2023-08-10,SAKSOFT,0,0.0
2023-08-10,BHARATWIRE,1,16.0
2023-08-10,JWL,1,50.8
2023-08-10,USHAMART,1,6.9
2023-09-12,VENUSPIPES,0,-16.4
2023-09-12,JWL,0,-14.1
2023-09-12,BSE,1,14.1
2023-09-12,FORCEMOT,1,4.9
2023-09-12,AUROPHARMA,0,4.4
2023-09-12,CHOLAHLDNG,1,3.1
2023-09-12,SKMEGGPROD,1,-1.8
2023-09-12,TARC,0,5.4
2023-09-12,KAYNES,1,23.8
2023-09-12,LUPIN,1,5.3
2023-09-12,SDBL,0,8.6
2023-09-12,GLENMARK,0,-2.0
2023-09-12,IRFC,1,-7.9
2023-09-12,TEXRAIL,1,1.4
2023-09-12,IRCON,1,-2.7
2023-09-12,APARINDS,0,11.9
2023-09-12,HSCL,1,10.3
2023-09-12,MAZDOCK,1,4.4
2023-09-12,SUZLON,1,13.0
2023-09-12,RKFORGE,0,0.2
2023-09-12,RVNL,1,-2.3
2023-09-12,TATAMTRDVR,1,4.6
2023-09-12,RAMKY,1,15.6
2023-09-12,RESPONIND,1,3.1
2023-09-12,SCHNEIDER,1,1.0
2023-10-16,PRAKASH,1,0.4
2023-10-16,BSE,0,54.0
2023-10-16,FORCEMOT,0,16.7
2023-10-16,KAYNES,0,-8.2
2023-10-16,MAZDOCK,0,-9.0
2023-10-16,GENUSPOWER,1,-12.6
2023-10-16,LUPIN,0,-0.2
2023-10-16,SKMEGGPROD,0,-7.9
2023-10-16,WEBELSOLAR,1,-12.5
2023-10-16,JWL,0,8.1
2023-10-16,BSOFT,1,14.4
2023-10-16,GRWRHITECH,1,-5.9
2023-10-16,CHOLAHLDNG,0,-7.0
2023-10-16,SDBL,0,-11.6
2023-10-16,KALYANKJIL,1,11.7
2023-10-16,SCHNEIDER,0,-2.8
2023-10-16,HSCL,0,-1.4
2023-10-16,VASCONEQ,1,-8.5
2023-10-16,TEXRAIL,0,4.0
2023-10-16,HBLPOWER,1,16.8
2023-10-16,RECLTD,1,15.6
2023-10-16,DBCORP,1,0.9
2023-10-16,EMIL,1,37.0
2023-10-16,ELECTCAST,1,19.7
2023-10-16,AGI,1,-5.5
2023-11-17,BSE,0,-4.1
2023-11-17,APOLLO,1,-3.8
2023-11-17,ANANDRATHI,1,13.7
2023-11-17,HBLPOWER,0,23.6
2023-11-17,RTNPOWER,1,-16.4
2023-11-17,RECLTD,0,19.0
2023-11-17,EMIL,0,-10.4
2023-11-17,KALYANKJIL,0,1.6
2023-11-17,TATAMTRDVR,1,1.8
2023-11-17,GENUSPOWER,0,-3.8
2023-11-17,PREMEXPLN,1,8.1
2023-11-17,JWL,0,-5.4
2023-11-17,MONARCH,1,-9.7
2023-11-17,DIXON,1,15.5
2023-11-17,JINDALSAW,1,-15.0
2023-11-17,TIPSINDLTD,1,-9.7
2023-11-17,BSOFT,0,13.4
2023-11-17,KDDL,1,-6.2
2023-11-17,CUPID,1,19.5
2023-11-17,DBCORP,0,-16.0
2023-11-17,MAZDOCK,0,3.9
2023-11-17,JYOTHYLAB,1,4.4
2023-11-17,SIGACHI,1,-3.5
2023-11-17,DYCL,1,-3.0
2023-11-17,DBL,1,-11.5
2023-12-20,BSE,0,-8.7
2023-12-20,ANANDRATHI,0,13.3
2023-12-20,RECLTD,0,7.5
2023-12-20,IRFC,1,74.5
2023-12-20,BSOFT,0,13.4
2023-12-20,KESORAMIND,1,-0.4
2023-12-20,HBLPOWER,0,10.9
2023-12-20,EMIL,0,8.3
2023-12-20,KALYANKJIL,0,9.3
2023-12-20,JYOTHYLAB,0,12.4
2023-12-20,PREMEXPLN,0,0.8
2023-12-20,TEXRAIL,1,21.0
2023-12-20,GLAND,1,4.0
2023-12-20,INOXWIND,1,2.0
2023-12-20,RAMKY,1,6.5
2023-12-20,JBMA,1,30.2
2023-12-20,CPSEETF,1,8.3
2023-12-20,TECHNOE,1,9.2
2023-12-20,HSCL,1,42.3
2023-12-20,GENUSPOWER,0,8.0
2023-12-20,GMRP&UI,1,-4.5
2023-12-20,SIGACHI,0,52.8
2023-12-20,HDFCAMC,1,8.0
2023-12-20,TRENT,1,7.3
2023-12-20,NAM-INDIA,1,5.8
2024-01-23,IRFC,0,-5.0
2024-01-23,PREMEXPLN,0,2.8
2024-01-23,PRAKASH,1,0.1
2024-01-23,ANANDRATHI,0,31.7
2024-01-23,SUZLON,1,22.4
2024-01-23,WEBELSOLAR,1,38.6
2024-01-23,RECLTD,0,6.7
2024-01-23,TRIL,1,19.4
2024-01-23,DBREALTY,1,15.4
2024-01-23,SBGLP,1,20.9
2024-01-23,BSOFT,0,1.2
2024-01-23,HBLPOWER,0,12.9
2024-01-23,IFCI,1,17.1
2024-01-23,ITI,1,-4.9
2024-01-23,BSE,0,7.8
2024-01-23,TRENT,0,22.8
2024-01-23,ELECTCAST,1,23.0
2024-01-23,QUICKHEAL,1,18.6
2024-01-23,JBMA,0,22.4
2024-01-23,SWSOLAR,1,14.3
2024-01-23,PARACABLES,1,-16.4
2024-01-23,EMIL,0,-4.3
2024-01-23,SIGACHI,0,12.7
2024-01-23,KESORAMIND,0,3.5
2024-01-23,GOODLUCK,1,-4.9
2024-02-23,ZENTEC,1,13.7
2024-02-23,PREMEXPLN,0,-3.6
2024-02-23,KESORAMIND,0,0.1
2024-02-23,JBMA,0,-18.2
2024-02-23,ANANDRATHI,0,-4.2
2024-02-23,SBGLP,0,9.4
2024-02-23,FORCEMOT,1,23.2
2024-02-23,GTLINFRA,1,-31.9
2024-02-23,SWSOLAR,0,-12.6
2024-02-23,WEBELSOLAR,0,16.8
2024-02-23,PRAKASH,0,-12.6
2024-02-23,HUBTOWN,1,26.1
2024-02-23,QUICKHEAL,0,-13.4
2024-02-23,BSE,0,10.5
2024-02-23,ELECTCAST,0,1.0
2024-02-23,TATAINVEST,1,3.5
2024-02-23,KPIGREEN,1,-15.6
2024-02-23,BAJAJ-AUTO,1,8.4
2024-02-23,SWANENERGY,1,-5.1
2024-02-23,NUCLEUS,1,-20.2
2024-02-23,MCX,1,-8.9
2024-02-23,INOXWIND,1,-14.7
2024-02-23,KIRLOSENG,1,-8.6
2024-02-23,JPASSOCIAT,1,-26.4
2024-02-23,HLVLTD,1,-30.5
2024-03-28,KESORAMIND,0,6.0
2024-03-28,GVKPIL,1,19.5
2024-03-28,ZENTEC,0,13.8
2024-03-28,PREMEXPLN,0,59.8
2024-03-28,63MOONS,1,10.4
2024-03-28,WEBELSOLAR,0,49.7
2024-03-28,ANANDRATHI,0,8.2
2024-03-28,APOLLO,1,11.9
2024-03-28,SHRIPISTON,1,0.7
2024-03-28,BAJAJ-AUTO,0,-0.5
2024-03-28,SWSOLAR,0,30.1
2024-03-28,ELECTCAST,0,7.4
2024-03-28,SBGLP,0,12.8
2024-03-28,KPIGREEN,0,22.8
2024-03-28,ZYDUSLIFE,1,-1.0
2024-03-28,INOXWIND,0,18.0
2024-03-28,ASHAPURMIN,1,-11.2
2024-03-28,FORCEMOT,0,31.2
2024-03-28,CUMMINSIND,1,13.3
2024-03-28,PRAKASH,0,3.3
2024-03-28,DLF,1,-2.1
2024-03-28,BOSCHLTD,1,0.2
2024-03-28,TATAMOTORS,1,2.1
2024-03-28,KALYANKJIL,1,-5.1
2024-03-28,ZOMATO,1,8.3
2024-05-03,ZENTEC,0,-17.3
2024-05-03,KESORAMIND,0,-0.8
2024-05-03,HSCL,1,-13.7
2024-05-03,SBGLP,0,4.0
2024-05-03,KPIGREEN,0,-10.0
2024-05-03,BHEL,1,-16.3
2024-05-03,JUNIORBEES,1,1.7
2024-05-03,CUMMINSIND,0,-0.1
2024-05-03,HAL,1,11.3
2024-05-03,SIGNATURE,1,-10.9
2024-05-03,INOXWIND,0,-16.7
2024-05-03,SOBHA,1,-1.8
2024-05-03,SIEMENS,1,10.1
2024-05-03,VIKASLIFE,1,-12.0
2024-05-03,MOTILALOFS,1,-7.6
2024-05-03,ADANIGREEN,1,1.6
2024-05-03,ANANDRATHI,0,-0.1
2024-05-03,TARC,1,-2.8
2024-05-03,MANGLMCEM,1,-12.5
2024-05-03,HUDCO,1,6.1
2024-05-03,BAJAJ-AUTO,0,5.5
2024-05-03,TRENT,1,8.4
2024-05-03,OFSS,1,-0.7
2024-05-03,JUBLPHARMA,1,0.5
2024-05-03,FORCEMOT,0,-11.7
2024-06-05,ASHAPURMIN,1,27.0
2024-06-05,URJA,1,2.4
2024-06-05,TATAINVEST,1,4.5
2024-06-05,SARVESHWAR,1,13.3
2024-06-05,NETWEB,1,23.7
2024-06-05,HUBTOWN,1,24.6
2024-06-05,OFSS,0,34.0
2024-06-05,TVSHLTD,1,18.8
2024-06-05,JPPOWER,1,2.6
2024-06-05,TRENT,0,14.1
2024-06-05,MANINDS,1,41.9
2024-06-05,THERMAX,1,10.4
2024-06-05,HERITGFOOD,1,-4.6
2024-06-05,HUDCO,0,42.9
2024-06-05,IRFC,1,21.4
2024-06-05,KIRLOSENG,1,14.6
2024-06-05,BAJAJ-AUTO,0,-0.8
2024-06-05,WOCKPHARMA,1,69.3
2024-06-05,STAR,1,6.7
2024-06-05,HSCL,0,25.1
2024-06-05,FORCEMOT,0,-0.4
2024-06-05,ZYDUSLIFE,1,10.4
2024-06-05,JUNIORBEES,0,10.0
2024-06-05,VOLTAS,1,-0.0
2024-06-05,APOLLO,1,5.0
2024-07-08,WOCKPHARMA,0,16.8
2024-07-08,URJA,0,-0.9
2024-07-08,SEAMECLTD,1,2.6
2024-07-08,APOLLO,0,3.4
2024-07-08,WALCHANNAG,1,19.5
2024-07-08,SHAILY,1,-2.9
2024-07-08,OFSS,0,-2.9
2024-07-08,SERVOTECH,1,36.9
2024-07-08,COCHINSHIP,1,-17.6
2024-07-08,RVNL,1,-4.9
2024-07-08,GTLINFRA,1,-28.3
2024-07-08,TRENT,0,0.9
2024-07-08,GANESHHOUC,1,-19.3
2024-07-08,MANINDS,0,-12.7
2024-07-08,AURIONPRO,1,5.1
2024-07-08,MOTHERSON,1,-9.4
2024-07-08,SUZLON,1,32.1
2024-07-08,INOXGREEN,1,3.6
2024-07-08,KIRLOSBROS,1,-23.0
2024-07-08,KIRLOSENG,0,-16.6
2024-07-08,TARC,1,-18.0
2024-07-08,SALZERELEC,1,-3.7
2024-07-08,GREENPOWER,1,3.6
2024-07-08,VERTOZ,1,5.9
2024-07-08,NETWEB,0,-15.6
2024-08-08,LIQUIDCASE,1,0.5
2024-08-08,LIQUIDIETF,1,0.0
2024-08-08,URJA,0,2.8
2024-08-08,APOLLO,0,-6.7
2024-08-08,WALCHANNAG,0,-14.7
2024-08-08,AURIONPRO,0,16.1
2024-08-08,SUZLON,0,7.0
2024-08-08,CIGNITITEC,1,1.6
2024-08-08,HSCL,1,20.4
2024-08-08,VERTOZ,0,7.0
2024-08-08,IZMO,1,54.2
2024-08-08,TATAINVEST,1,17.2
2024-08-08,SERVOTECH,0,8.5
2024-08-08,SHAILY,0,11.6
2024-08-08,INOXGREEN,0,18.6
2024-08-08,ZENTEC,1,-3.9
2024-08-08,TRENT,0,26.5
2024-08-08,SYNCOMF,1,65.1
2024-08-08,BASF,1,-9.2
2024-08-08,INDRAMEDCO,1,35.4
2024-08-08,EMUDHRA,1,3.5
2024-08-08,ZYDUSLIFE,1,-13.0
2024-08-08,SUDARSCHEM,1,4.6
2024-08-08,SMSPHARMA,1,16.5
2024-08-08,RPPINFRA,1,17.4
2024-09-10,LIQUIDCASE,0,0.6
2024-09-10,WEL,1,12.0
2024-09-10,AURIONPRO,0,-8.8
2024-09-10,URJA,0,-2.4
2024-09-10,VERTOZ,0,-37.0
2024-09-10,PGEL,1,-1.1
2024-09-10,GLENMARK,1,3.6
2024-09-10,CIGNITITEC,0,0.9
2024-09-10,HSCL,0,13.4
2024-09-10,GMRP&UI,1,-4.1
2024-09-10,SUZLON,0,-4.7
2024-09-10,GOKULAGRO,1,2.0
2024-09-10,CHOICEIN,1,4.7
2024-09-10,LTFOODS,1,-0.4
2024-09-10,INDRAMEDCO,0,2.1
2024-09-10,SYNCOMF,0,-16.5
2024-09-10,LALPATHLAB,1,3.8
2024-09-10,POCL,1,-7.3
2024-09-10,COLPAL,1,0.5
2024-09-10,RAMRAT,1,18.6
2024-09-10,EMAMILTD,1,-11.5
2024-09-10,VLEGOV,1,22.0
2024-09-10,REFEX,1,34.5
2024-09-10,APOLLO,0,-2.4
2024-09-10,DOLATALGO,1,-23.0
2024-10-11,LIQUIDADD,1,0.5
2024-10-11,LIQUIDCASE,0,0.5
2024-10-11,LIQUID1,1,0.5
2024-10-11,WEL,0,1.9
2024-10-11,WOCKPHARMA,1,18.5
2024-10-11,WEBELSOLAR,1,25.6
2024-10-11,DREDGECORP,1,-18.2
2024-10-11,PGEL,0,6.3
2024-10-11,HSCL,0,-16.6
2024-10-11,IIFLSEC,1,-20.3
2024-10-11,GLENMARK,0,-11.9
2024-10-11,TRENT,1,-20.7
2024-10-11,URJA,0,1.9
2024-10-11,GMRP&UI,0,-20.5
2024-10-11,POCL,0,-16.3
2024-10-11,HERITGFOOD,1,-20.1
2024-10-11,VMART,1,-17.9
2024-10-11,LALPATHLAB,0,-13.6
2024-10-11,MARINE,1,-3.0
2024-10-11,AURIONPRO,0,-8.0
2024-10-11,SARDAEN,1,-10.7
2024-10-11,GANECOS,1,9.4
2024-10-11,KAYNES,1,2.5
2024-10-11,TARC,1,-19.6
2024-10-11,WABAG,1,11.1
2024-11-12,LIQUIDADD,0,0.6
2024-11-12,LIQUIDCASE,0,0.6
2024-11-12,LIQUID1,0,0.6
2024-11-12,INDIACEM,1,-5.2
2024-11-12,CUPID,1,-3.5
2024-11-12,WEBELSOLAR,0,20.5
2024-11-12,WOCKPHARMA,0,29.7
2024-11-12,WINDMACHIN,1,57.9
2024-11-12,MANORAMA,1,9.1
2024-11-12,PGEL,0,54.0
2024-11-12,JSWHL,1,34.9
2024-11-12,DEEPAKFERT,1,-1.1
2024-11-12,IWEL,1,-0.8
2024-11-12,KITEX,1,21.7
2024-11-12,SUVENPHAR,1,5.3
2024-11-12,KAYNES,0,24.3
2024-11-12,MARINE,0,33.7
2024-11-12,COFORGE,1,14.6
2024-11-12,NEULANDLAB,1,-3.3
2024-11-12,GRWRHITECH,1,31.4
2024-11-12,GANECOS,0,-2.3
2024-11-12,BALUFORGE,1,8.5
2024-11-12,POKARNA,1,8.3
2024-11-12,CHOICEIN,1,7.7
2024-11-12,PAYTM,1,27.5
2024-12-16,LIQUIDADD,0,0.5
2024-12-16,LIQUIDCASE,0,0.5
2024-12-16,LIQUID1,0,0.5
2024-12-16,KERNEX,1,-5.6
2024-12-16,WINDMACHIN,0,-12.8
2024-12-16,MARINE,0,-9.6
2024-12-16,WEBELSOLAR,0,39.6
2024-12-16,WOCKPHARMA,0,-10.6
2024-12-16,IZMO,1,-7.9
2024-12-16,PGEL,0,-9.9
2024-12-16,INDIACEM,0,11.6
2024-12-16,BALUFORGE,0,-14.2
2024-12-16,PARAS,1,-7.7
2024-12-16,SUVENPHAR,0,-15.6
2024-12-16,POCL,1,-11.7
2024-12-16,IWEL,0,-12.2
2024-12-16,ZENTEC,1,-3.9
2024-12-16,PLATIND,1,-22.7
2024-12-16,BBOX,1,-9.6
2024-12-16,COFORGE,0,-6.0
2024-12-16,GRWRHITECH,0,-19.6
2024-12-16,GEPIL,1,-26.4
2024-12-16,PAYTM,0,-11.1
2024-12-16,GOLDIAM,1,19.5
2024-12-16,SUMMITSEC,1,-26.1
2025-01-16,LIQUIDADD,0,0.5
2025-01-16,LIQUID1,0,0.5
2025-01-16,LIQUIDCASE,0,0.5
2025-01-16,VLEGOV,1,-46.5
2025-01-16,WOCKPHARMA,0,-6.3
2025-01-16,REFEX,1,-3.5
2025-01-16,PTCIL,1,-33.3
2025-01-16,GOLDIAM,0,-28.7
2025-01-16,BSE,1,-13.1
2025-01-16,PCJEWELLER,1,-19.4
2025-01-16,PGEL,0,-13.1
2025-01-16,PGIL,1,-11.1
2025-01-16,BBOX,0,-25.4
2025-01-16,IWEL,0,-5.1
2025-01-16,LLOYDSME,1,-21.2
2025-01-16,RGL,1,-29.0
2025-01-16,63MOONS,1,-25.2
2025-01-16,GOKULAGRO,1,-20.8
2025-01-16,WINDMACHIN,0,-29.0
2025-01-16,PARAS,0,-6.2
2025-01-16,PAYTM,0,-14.5
2025-01-16,INNOVACAP,1,-20.2
2025-01-16,ANANTRAJ,1,-45.2
2025-01-16,LTGILTBEES,1,1.0
2025-01-16,INDRAMEDCO,1,-24.5
2025-02-17,LIQUIDADD,0,0.5
2025-02-17,LIQUID1,0,0.6
2025-02-17,LIQUIDCASE,0,0.6
2025-02-17,REFEX,0,11.7
2025-02-17,PCJEWELLER,0,18.8
2025-02-17,WOCKPHARMA,0,7.7
2025-02-17,BSE,0,-8.2
2025-02-17,TATAGOLD,1,3.2
2025-02-17,HNGSNGBEES,1,-0.0
2025-02-17,HDFCGOLD,1,3.2
2025-02-17,LTGILTBEES,0,0.9
2025-02-17,SETFGOLD,1,3.1
2025-02-17,IWEL,0,4.7
2025-02-17,GOLDBEES,1,3.2
2025-02-17,GOLDIETF,1,3.3
2025-02-17,63MOONS,0,28.1
2025-02-17,MAFANG,1,-15.1
2025-02-17,VIMTALABS,1,17.9
2025-02-17,BBOX,0,-23.1
2025-02-17,OPTIEMUS,1,-12.6
2025-02-17,BLUEJET,1,20.2
2025-02-17,RPOWER,1,2.4
2025-02-17,AMIORG,1,9.9
2025-02-17,SEQUENT,1,-4.0
2025-02-17,CARTRADE,1,17.7
2025-03-21,LIQUIDADD,0,0.6
2025-03-21,LIQUID1,0,0.6
2025-03-21,LIQUIDCASE,0,0.6
2025-03-21,LIQUIDBETF,1,0.6
2025-03-21,KITEX,1,61.7
2025-03-21,JSWHL,1,-3.1
2025-03-21,PCJEWELLER,0,-10.6
2025-03-21,MAHKTECH,1,-12.3
2025-03-21,TATAGOLD,0,7.1
2025-03-21,HDFCGOLD,0,7.0
2025-03-21,SETFGOLD,0,7.1
2025-03-21,GOLDIETF,0,7.0
2025-03-21,GOLD1,1,6.9
2025-03-21,GOLDBEES,0,6.9
2025-03-21,PANACEABIO,1,20.0
2025-03-21,63MOONS,0,-13.7
2025-03-21,WOCKPHARMA,0,-8.4
2025-03-21,VIMTALABS,0,-11.2
2025-03-21,LTGILTBEES,0,2.7
2025-03-21,BLUEJET,0,-21.6
2025-03-21,HNGSNGBEES,0,-9.8
2025-03-21,INDOTECH,1,0.8
2025-03-21,KIRIINDUS,1,-2.8
2025-03-21,CARTRADE,0,-5.1
2025-03-21,LLOYDSME,1,-5.5
2025-04-28,LIQUIDADD,0,0.5
2025-04-28,LIQUID1,0,0.5
2025-04-28,LIQUIDCASE,0,0.5
2025-04-28,LIQUIDBETF,0,0.5
2025-04-28,SKYGOLD,1,26.8
2025-04-28,WEBELSOLAR,1,-0.4
2025-04-28,REFEX,1,2.0
2025-04-28,MARINE,1,6.4
2025-04-28,LTGILTBEES,0,1.4
2025-04-28,PANACEABIO,0,-3.0
2025-04-28,KERNEX,1,53.9
2025-04-28,SPMLINFRA,1,3.5
2025-04-28,GALLANTT,1,1.7
2025-04-28,MANGCHEFER,1,18.4
2025-04-28,AGIIL,1,-0.8
2025-04-28,TATAGOLD,0,-0.1
2025-04-28,MANAPPURAM,1,0.2
2025-04-28,HDFCGOLD,0,-0.1
2025-04-28,GOLDETFADD,1,-0.3
2025-04-28,SHAKTIPUMP,1,-3.0
2025-04-28,SETFGOLD,0,-0.1
2025-04-28,BAJFINANCE,1,1.2
2025-04-28,GOLDIETF,0,0.0
2025-04-28,GOLD1,0,0.1
2025-04-28,GOLDETF,1,0.1
2025-05-29,LIQUID1,0,0.5
2025-05-29,LIQUIDADD,0,0.4
2025-05-29,LIQUIDBETF,0,0.4
2025-05-29,LIQUIDCASE,0,0.4
2025-05-29,SKYGOLD,0,-16.5
2025-05-29,WEBELSOLAR,0,-7.2
2025-05-29,REFEX,0,3.7
2025-05-29,MARINE,0,33.1
2025-05-29,LTGILTBEES,0,-0.4
2025-05-29,BDL,1,-1.5
2025-05-29,SOLARINDS,1,8.3
2025-05-29,BIRLAMONEY,1,9.6
2025-05-29,MANGCHEFER,0,3.7
2025-05-29,KRISHANA,1,25.9
2025-05-29,MANAPPURAM,0,18.8
2025-05-29,KERNEX,0,6.4
2025-05-29,NAZARA,1,0.8
2025-05-29,E2E,1,-6.2
2025-05-29,MAZDOCK,1,-13.5
2025-05-29,APOLLO,1,1.9
2025-05-29,GRSE,1,-2.4
2025-05-29,RPOWER,1,35.7
2025-05-29,SHAKTIPUMP,0,9.4
2025-05-29,INDIAGLYCO,1,8.0
2025-05-29,GROWWDEFNC,1,0.7
2025-06-30,LIQUIDADD,0,0.4
2025-06-30,LIQUID1,0,0.4
2025-06-30,LIQUIDBETF,0,0.4
2025-06-30,LIQUIDCASE,0,0.4
2025-06-30,KITEX,1,-12.2
2025-06-30,SKYGOLD,0,-6.0
2025-06-30,SRM,1,-5.9
2025-06-30,JSWHL,1,-7.9
2025-06-30,REFEX,0,-2.0
2025-06-30,SPMLINFRA,1,15.9
2025-06-30,KRISHANA,0,10.7
2025-06-30,WEBELSOLAR,0,5.3
2025-06-30,SOLARINDS,0,-17.8
2025-06-30,MFSL,1,-8.4
2025-06-30,FORCEMOT,1,9.9
2025-06-30,NH,1,-10.7
2025-06-30,LTGILTBEES,0,0.1
2025-06-30,E2E,0,-20.7
2025-06-30,GRMOVER,1,2.8
2025-06-30,MANAPPURAM,0,-6.8
2025-06-30,SUNDARMHLD,1,-9.9
2025-06-30,ANURAS,1,0.6
2025-06-30,LLOYDSENT,1,-9.0
2025-06-30,BEL,1,-8.3
2025-06-30,APOLLO,0,-10.8
2025-07-30,LIQUIDADD,0,0.5
2025-07-30,LIQUID1,0,0.5
2025-07-30,LIQUIDPLUS,1,0.5
2025-07-30,LIQUIDBETF,0,0.5
2025-07-30,LIQUIDCASE,0,0.5
2025-07-30,ITI,1,2.7
2025-07-30,KRISHANA,0,3.8
2025-07-30,V2RETAIL,1,-15.2
2025-07-30,ANURAS,0,-3.0
2025-07-30,SRM,0,1.0
2025-07-30,GALLANTT,1,-20.7
2025-07-30,MANGCHEFER,1,0.1
2025-07-30,CUPID,1,20.4
2025-07-30,TFCILTD,1,16.2
2025-07-30,LTGILTBEES,0,-1.0
2025-07-30,FORCEMOT,0,10.3
2025-07-30,SMLISUZU,1,17.1
2025-07-30,GABRIEL,1,20.5
2025-07-30,GODFRYPHLP,1,7.1
2025-07-30,MFSL,0,7.7
2025-07-30,LUMAXIND,1,5.8
2025-07-30,LUMAXTECH,1,1.3
2025-07-30,POWERINDIA,1,-9.7
2025-07-30,GRMOVER,0,-0.7
2025-07-30,SOLARINDS,0,-3.1
2025-09-02,LIQUIDADD,0,0.5
2025-09-02,LIQUID1,0,0.5
2025-09-02,LIQUIDPLUS,0,0.5
2025-09-02,LIQUIDBETF,0,0.5
2025-09-02,LIQUIDCASE,0,0.5
2025-09-02,ANURAS,0,-2.4
2025-09-02,SMLISUZU,0,-17.7
2025-09-02,MANGCHEFER,0,-5.9
2025-09-02,CUPID,0,18.6
2025-09-02,KRISHANA,0,-19.1
2025-09-02,MFSL,0,-1.2
2025-09-02,TFCILTD,0,10.9
2025-09-02,SIRCA,1,5.6
2025-09-02,FORCEMOT,0,-13.8
2025-09-02,AIIL,1,0.4
2025-09-02,DELHIVERY,1,-7.4
2025-09-02,YATHARTH,1,6.0
2025-09-02,APOLLO,1,17.1
2025-09-02,GVT&D,1,15.2
2025-09-02,KITEX,1,-4.2
2025-09-02,PARADEEP,1,-9.0
2025-09-02,GABRIEL,0,2.0
2025-09-02,ITI,0,4.6
2025-09-02,SYRMA,1,9.0
2025-09-02,CENTUM,1,-11.2
2025-10-03,LIQUIDADD,0,0.4
2025-10-03,LIQUID1,0,0.5
2025-10-03,LIQUIDPLUS,0,0.5
2025-10-03,CASHIETF,1,0.5
2025-10-03,LIQUIDBETF,0,0.4
2025-10-03,LIQUIDCASE,0,0.5
2025-10-03,CUPID,0,14.3
2025-10-03,SIRCA,0,2.7
2025-10-03,QPOWER,1,-10.1
2025-10-03,INDOTHAI,1,0.6
2025-10-03,GVT&D,0,-5.3
2025-10-03,TFCILTD,0,-8.2
2025-10-03,APOLLO,0,-22.3
2025-10-03,KERNEX,1,11.4
2025-10-03,SBC,1,13.1
2025-10-03,LTF,1,4.9
2025-10-03,MANGCHEFER,0,-6.9
2025-10-03,NETWEB,1,-23.4
2025-10-03,BANCOINDIA,1,-6.3
2025-10-03,ANURAS,0,-1.8
2025-10-03,DELHIVERY,0,1.2
2025-10-03,POLYCAB,1,2.7
2025-10-03,LUMAXTECH,1,-11.3
2025-10-03,IMFA,1,-3.5
2025-10-03,FEDFINA,1,-11.8
2025-11-06,LIQUID1,0,0.4
2025-11-06,LIQUIDPLUS,0,0.4
2025-11-06,LIQUIDADD,0,0.4
2025-11-06,CASHIETF,0,0.4
2025-11-06,LIQUIDBETF,0,0.4
2025-11-06,LIQUIDCASE,0,0.4
2025-11-06,ATALREAL,1,-2.1
2025-11-06,CUPID,0,54.9
2025-11-06,SBC,0,7.9
2025-11-06,QPOWER,0,-26.6
2025-11-06,SIRCA,0,-6.8
2025-11-06,KERNEX,0,-22.8
2025-11-06,ANANDRATHI,1,-8.5
2025-11-06,CUMMINSIND,1,3.5
2025-11-06,GARUDA,1,-15.2
2025-11-06,ABDL,1,-5.4
2025-11-06,LTF,0,8.8
2025-11-06,GABRIEL,1,-24.1
2025-11-06,INDIANB,1,-10.0
2025-11-06,GVT&D,0,-8.1
2025-11-06,HBLENGINE,1,-16.8
2025-11-06,TFCILTD,0,-6.7
2025-11-06,BAJAJCON,1,-13.6
2025-11-06,LAURUSLABS,1,2.5
2025-11-06,SJS,1,-2.8
2025-12-08,LIQUID1,0,0.4
2025-12-08,LIQUIDPLUS,0,0.4
2025-12-08,LIQUIDADD,0,0.4
2025-12-08,CASHIETF,0,0.4
2025-12-08,LIQUIDBETF,0,0.4
2025-12-08,LIQUIDCASE,0,0.4
2025-12-08,CUPID,0,5.0
2025-12-08,SBC,0,6.4
2025-12-08,JSWHL,1,-6.7
2025-12-08,IZMO,1,-5.2
2025-12-08,ATALREAL,0,7.4
2025-12-08,LAURUSLABS,0,9.6
2025-12-08,HEROMOTOCO,1,-5.1
2025-12-08,ABCAPITAL,1,0.4
2025-12-08,TEMBO,1,-17.1
2025-12-08,MUTHOOTFIN,1,2.1
2025-12-08,IFBAGRO,1,46.7
2025-12-08,GRMOVER,1,11.5
2025-12-08,LTF,0,2.7
2025-12-08,SILVERIETF,1,31.4
2025-12-08,MARUTI,1,2.9
2025-12-08,LUMAXIND,1,-1.6
2025-12-08,INTERARCH,1,-8.1
2025-12-08,SILVER1,1,30.2
2025-12-08,VSTTILLERS,1,6.9
2026-01-08,LIQUID1,0,0.4
2026-01-08,LIQUIDADD,0,0.4
2026-01-08,LIQUIDPLUS,0,0.4
2026-01-08,CASHIETF,0,0.4
2026-01-08,LIQUIDBETF,0,0.4
2026-01-08,LIQUIDCASE,0,0.4
2026-01-08,SBC,0,6.3
2026-01-08,CUPID,0,8.7
2026-01-08,SILVERIETF,0,22.5
2026-01-08,SILVER1,0,24.7
2026-01-08,SILVERADD,1,22.9
2026-01-08,SBISILVER,1,21.2
2026-01-08,SILVERBEES,1,25.6
2026-01-08,AXISILVER,1,23.9
2026-01-08,TATSILV,1,22.5
2026-01-08,SILVERCASE,1,29.6
2026-01-08,SILVER,1,25.4
2026-01-08,JAYNECOIND,1,-2.3
2026-01-08,INFOBEAN,1,-11.0
2026-01-08,HDFCSILVER,1,29.7
2026-01-08,SILVERTUC,1,-21.3
2026-01-08,MARUTI,0,-7.5
2026-01-08,LAURUSLABS,0,-4.5
2026-01-08,NATIONALUM,1,20.0
2026-01-08,ASIANTILES,1,-0.2
2026-02-11,LIQUID1,0,0.4
2026-02-11,LIQUIDADD,0,0.4
2026-02-11,LIQUIDPLUS,0,0.4
2026-02-11,CASHIETF,0,0.4
2026-02-11,LIQUIDCASE,0,0.4
2026-02-11,LIQUIDBETF,0,0.4
2026-02-11,SBC,0,2.3
2026-02-11,JKTYRE,1,-30.8
2026-02-11,ASHOKLEY,1,-16.3
2026-02-11,MTARTECH,1,-3.2
2026-02-11,HINDCOPPER,1,-20.9
2026-02-11,INDOTHAI,1,-3.6
2026-02-11,SBIN,1,-9.8
2026-02-11,ATALREAL,1,-17.1
2026-02-11,SHRIRAMFIN,1,-6.1
2026-02-11,NATIONALUM,0,1.2
2026-02-11,SILVERCASE,0,-5.3
2026-02-11,BANKINDIA,1,-9.8
2026-02-11,ASIANTILES,0,-12.6
2026-02-11,PSUBNKBEES,1,-7.4
2026-02-11,CUPID,0,-20.3
2026-02-11,SILVER360,1,-5.1
2026-02-11,INDUSTOWER,1,-8.6
2026-02-11,HDFCSILVER,0,-5.7
2026-02-11,APLAPOLLO,1,-17.0
2026-03-16,LIQUID1,0,0.5
2026-03-16,LIQUIDADD,0,0.5
2026-03-16,CASHIETF,0,0.5
2026-03-16,LIQUIDPLUS,0,0.5
2026-03-16,LIQUIDBETF,0,0.5
2026-03-16,LIQUIDCASE,0,0.5
2026-03-16,VENUSREM,1,12.3
2026-03-16,INDOTHAI,0,19.9
2026-03-16,SBC,0,8.3
2026-03-16,MTARTECH,0,47.5
2026-03-16,MCX,1,10.6
2026-03-16,NATIONALUM,0,13.6
2026-03-16,SHRIRAMFIN,0,5.4
2026-03-16,HINDCOPPER,0,15.6
2026-03-16,KIRLOSENG,1,13.1
2026-03-16,VEDL,1,11.8
2026-03-16,SILVERCASE,0,1.5
2026-03-16,BHARATFORG,1,11.7
2026-03-16,SBIN,0,4.2
2026-03-16,HDFCSILVER,0,1.9
2026-03-16,SILVERBEES,1,1.7
2026-03-16,AXISILVER,1,1.7
2026-03-16,ESILVER,1,1.3
2026-03-16,SILVERIETF,1,1.7
2026-03-16,SILVER,1,1.6
2026-04-21,LIQUID1,0,0.4
2026-04-21,LIQUIDADD,0,0.4
2026-04-21,LIQUIDPLUS,0,0.4
2026-04-21,CASHIETF,0,0.4
2026-04-21,AONELIQUID,1,0.4
2026-04-21,LIQUIDBETF,0,0.4
2026-04-21,LIQUIDCASE,0,0.4
2026-04-21,INDOTHAI,0,-17.6
2026-04-21,NACLIND,1,-6.3
2026-04-21,MTARTECH,0,59.2
2026-04-21,SOUTHWEST,1,5.2
2026-04-21,SBC,0,13.6
2026-04-21,KIRLOSENG,0,0.5
2026-04-21,NATIONALUM,0,-3.2
2026-04-21,THANGAMAYL,1,-7.5
2026-04-21,AXISCADES,1,4.1
2026-04-21,SEAMECLTD,1,5.8
2026-04-21,MCX,0,15.7
2026-04-21,CUPID,1,9.5
2026-04-21,POWERINDIA,1,19.0
2026-04-21,BHARATFORG,0,0.1
2026-04-21,VEDL,0,22.6
2026-04-21,PFOCUS,1,-12.0
2026-04-21,TDPOWERSYS,1,27.3
2026-04-21,AVANTIFEED,1,-10.7
