stock,buy_date,sell_date,months_held,return_pct
TANLA,2020-08-06,2020-12-11,4,544.8
ADANIPOWER,2021-09-30,2022-09-21,11,317.4
ADANIGREEN,2019-10-17,2020-08-06,9,282.2
CGPOWER,2020-10-08,2021-05-26,7,261.4
ADANIENT,2020-12-11,2021-08-30,8,235.1
ALKYLAMINE,2020-03-27,2020-10-08,6,171.5
AARTIDRUGS,2020-06-05,2021-01-13,7,167.9
ADANITRANS,2021-02-15,2021-06-25,4,151.5
TTML,2021-11-02,2022-01-05,2,145.5
WEBELSOLAR,2024-01-23,2024-05-03,3,140.9
DIXON,2019-12-23,2020-10-08,9,134.9
JINDALSAW,2023-02-28,2023-08-10,5,131.0
CUPID,2025-07-30,2026-03-16,7,128.6
SAREGAMA,2021-02-15,2021-05-26,3,126.9
MTARTECH,2026-02-11,2026-05-22,3,126.0
IOLCP,2020-05-05,2020-11-09,6,120.1
FACT,2023-04-03,2023-07-11,3,119.3
BLS,2022-04-12,2022-11-25,7,113.7
WEBELSOLAR,2024-10-11,2025-01-16,3,110.1
ADANIGREEN,2020-09-07,2021-03-18,6,104.1
RAMCOSYS,2020-09-07,2021-03-18,6,103.8
TWL,2023-02-28,2023-07-11,4,103.1
RENUKA,2021-11-02,2022-04-12,5,101.0
ZENTEC,2023-06-08,2023-09-12,3,100.5
GRANULES,2020-06-05,2020-10-08,4,100.0
WOCKPHARMA,2024-06-05,2024-08-08,2,96.5
PRAJIND,2021-04-23,2021-06-25,2,89.2
EKC,2021-03-18,2021-04-23,1,85.4
BSE,2023-09-12,2024-03-28,6,82.2
NAVINFLUOR,2020-01-23,2020-09-07,7,81.4
MARKSANS,2020-07-07,2020-12-11,5,81.1
JBMA,2023-04-03,2023-08-10,4,81.0
APLAPOLLO,2020-11-09,2021-03-18,4,80.9
HBLPOWER,2023-10-16,2024-02-23,4,79.6
LAURUSLABS,2020-08-06,2021-02-15,6,79.2
ANANDRATHI,2023-11-17,2024-06-05,6,74.7
ABBOTINDIA,2019-09-13,2020-06-05,8,73.5
SBC,2025-10-03,2026-05-22,7,72.6
PREMEXPLN,2023-11-17,2024-05-03,5,71.2
GMMPFAUDLR,2020-02-25,2020-09-07,6,71.1
RVNL,2023-01-27,2023-06-08,4,70.9
BECTORFOOD,2023-04-03,2023-09-12,5,70.8
ADANITRANS,2022-03-10,2022-09-21,6,69.1
JSL,2022-12-27,2023-07-11,6,67.3
SIGACHI,2023-11-17,2024-02-23,3,65.2
IRFC,2023-12-20,2024-02-23,2,64.7
HDFCAMC,2019-07-09,2020-01-23,6,64.6
KERNEX,2025-04-28,2025-06-30,2,62.7
HAPPSTMNDS,2021-06-25,2021-09-30,3,62.1
SILVER1,2025-12-08,2026-02-11,2,61.4
FLUOROCHEM,2021-07-28,2022-01-05,5,61.3
KITEX,2025-03-21,2025-04-28,1,60.7
SILVERIETF,2025-12-08,2026-02-11,2,60.0
BCG,2021-11-02,2021-12-06,1,59.9
TRENT,2024-05-03,2024-09-10,4,56.8
RECLTD,2023-10-16,2024-02-23,4,56.8
PIIND,2019-02-26,2019-11-21,8,55.9
ELECON,2021-05-26,2021-11-02,5,54.8
SBGLP,2024-01-23,2024-06-05,4,54.1
INDIAMART,2020-12-11,2021-03-18,3,53.3
IZMO,2024-08-08,2024-09-10,1,53.3
XPROINDIA,2021-11-02,2022-01-05,2,52.9
RNAM,2019-07-09,2019-12-23,5,52.8
MIRZAINT,2022-03-10,2022-07-18,4,52.0
INTELLECT,2020-12-11,2021-02-15,2,52.0
HUDCO,2024-05-03,2024-07-08,2,50.8
TATASTLBSL,2021-04-23,2021-06-25,2,50.5
GRAVITA,2021-12-06,2022-01-05,1,50.3
MAGMA,2021-02-15,2021-06-25,4,49.3
ADANIGAS,2020-11-09,2020-12-11,1,49.3
TRIDENT,2021-11-02,2022-02-07,3,48.4
DIXON,2020-11-09,2021-01-13,2,48.2
BSOFT,2023-10-16,2024-02-23,4,48.0
SERVOTECH,2024-07-08,2024-09-10,2,47.7
IFBAGRO,2025-12-08,2026-01-08,1,45.9
COROMANDEL,2019-12-23,2020-07-07,6,45.6
JSLHISAR,2022-12-27,2023-04-03,3,44.8
WSTCSTPAPR,2022-07-18,2022-09-21,2,43.9
JBCHEPHARM,2020-03-27,2020-08-06,4,43.8
BIOCON,2020-03-27,2020-07-07,3,43.2
ATGL,2022-04-12,2022-09-21,5,41.6
HSCL,2023-12-20,2024-01-23,1,41.4
FORCEMOT,2024-02-23,2024-07-08,4,41.3
MARINE,2025-04-28,2025-06-30,2,40.8
KPITTECH,2021-06-25,2021-09-30,3,40.8
PERSISTENT,2021-08-30,2022-01-05,4,39.9
BATAINDIA,2019-01-25,2019-09-13,7,38.5
BALRAMCHIN,2019-01-25,2019-05-07,3,38.4
PRINCEPIPE,2021-01-13,2021-03-18,2,38.0
APARINDS,2023-08-10,2023-10-16,2,37.5
INDRAMEDCO,2024-08-08,2024-10-11,2,37.4
MASTEK,2020-10-08,2021-02-15,4,37.2
SYNCOMF,2024-08-08,2024-10-11,2,37.1
VEDL,2026-03-16,2026-05-22,2,36.3
BSE,2021-11-02,2021-12-06,1,36.3
GNFC,2022-03-10,2022-04-12,1,35.2
USHAMART,2023-04-03,2023-07-11,3,35.1
RPOWER,2025-05-29,2025-06-30,1,34.8
LINDEINDIA,2021-07-28,2021-08-30,1,34.8
HARIOMPIPE,2023-04-03,2023-07-11,3,34.5
ASTEC,2020-06-05,2020-08-06,2,34.4
JSWHL,2024-11-12,2024-12-16,1,34.1
SUZLON,2024-07-08,2024-10-11,3,34.0
REFEX,2024-09-10,2024-10-11,1,33.7
FLUOROCHEM,2022-05-17,2022-11-25,6,33.6
DHAMPURSUG,2019-01-25,2019-05-07,3,33.1
NATIONALUM,2026-01-08,2026-05-22,4,32.7
ELECTCAST,2024-01-23,2024-05-03,3,32.5
JWL,2023-08-10,2023-12-20,4,31.6
CGCL,2019-01-25,2019-05-07,3,31.4
BERGEPAINT,2019-09-13,2020-03-27,6,31.0
TRENT,2023-12-20,2024-02-23,2,31.0
JBMA,2023-12-20,2024-03-28,3,29.6
MINDTREE,2021-08-30,2022-01-05,4,29.4
BHARTIARTL,2020-03-27,2020-06-05,2,29.4
GREENPANEL,2021-04-23,2021-06-25,2,29.2
SWSOLAR,2024-01-23,2024-05-03,3,29.2
SBILIFE,2019-07-09,2020-01-23,6,29.1
ALKYLAMINE,2021-04-23,2021-05-26,1,28.9
ICICIPRULI,2019-08-08,2020-01-23,5,28.6
OFSS,2024-05-03,2024-08-08,3,28.5
NESTLEIND,2019-09-13,2020-02-25,5,28.3
INTELLECT,2021-03-18,2021-05-26,2,28.3
BCG,2022-03-10,2022-04-12,1,28.2
HINDCOPPER,2021-03-18,2021-06-25,3,27.8
MCX,2026-03-16,2026-05-22,2,27.2
KAYNES,2024-10-11,2024-12-16,2,26.6
PRAJIND,2019-01-25,2019-04-01,2,26.6
TDPOWERSYS,2026-04-21,2026-05-22,1,26.5
EMIL,2023-10-16,2024-02-23,4,26.5
ASHAPURMIN,2024-06-05,2024-07-08,1,26.2
WOCKPHARMA,2024-10-11,2025-04-28,6,26.2
DYNAMATECH,2021-08-30,2021-09-30,1,26.1
PGEL,2024-09-10,2025-02-17,5,26.0
COSMOFILMS,2021-07-28,2021-09-30,2,25.9
HUBTOWN,2024-02-23,2024-03-28,1,25.4
SILVERBEES,2026-01-08,2026-02-11,1,24.8
SILVER,2026-01-08,2026-02-11,1,24.7
BAYERCROP,2020-05-05,2020-08-06,3,24.6
HDFCSILVER,2026-01-08,2026-04-21,3,24.0
HUBTOWN,2024-06-05,2024-07-08,1,23.8
SILVERCASE,2026-01-08,2026-04-21,3,23.8
JINDWORLD,2022-01-05,2022-04-12,3,23.8
IPCALAB,2020-07-07,2020-09-07,2,23.6
KALYANKJIL,2023-10-16,2024-01-23,3,23.3
AXISILVER,2026-01-08,2026-02-11,1,23.2
GOLDIAM,2021-07-28,2021-08-30,1,23.2
MANINDS,2024-06-05,2024-08-08,2,23.1
GRASIM,2021-01-13,2021-04-23,3,22.9
AUROPHARMA,2023-07-11,2023-10-16,3,22.8
JSWENERGY,2022-05-17,2022-09-21,4,22.7
SILVERADD,2026-01-08,2026-02-11,1,22.2
GABRIEL,2025-07-30,2025-10-03,2,22.1
INOXGREEN,2024-07-08,2024-09-10,2,22.1
UPL,2019-01-25,2019-07-09,5,22.1
MANGCHEFER,2025-04-28,2025-06-30,2,22.0
TATACOMM,2020-08-06,2020-12-11,4,22.0
INDIGO,2019-04-01,2019-10-17,6,21.8
TATSILV,2026-01-08,2026-02-11,1,21.8
FORCEMOT,2023-09-12,2023-11-17,2,21.7
SUZLON,2024-01-23,2024-02-23,1,21.6
VLEGOV,2024-09-10,2024-10-11,1,21.3
KIRLFER,2023-01-27,2023-05-09,3,21.1
KITEX,2024-11-12,2024-12-16,1,20.9
MARKSANS,2023-04-03,2023-06-08,2,20.8
GRSE,2019-10-17,2019-12-23,2,20.7
FSL,2021-06-25,2021-07-28,1,20.7
IRFC,2024-06-05,2024-07-08,1,20.6
SBISILVER,2026-01-08,2026-02-11,1,20.5
TANLA,2021-01-13,2021-06-25,5,20.3
TEXRAIL,2023-12-20,2024-01-23,1,20.3
GOODLUCK,2021-07-28,2021-09-30,2,20.2
BALAMINES,2021-05-26,2021-11-02,5,20.0
GRAPHITE,2021-03-18,2021-06-25,3,20.0
MCX,2019-12-23,2020-02-25,2,19.9
IPCALAB,2020-03-27,2020-06-05,2,19.8
SAFARI,2023-06-08,2023-08-10,2,19.8
IONEXCHANG,2023-02-28,2023-06-08,3,19.8
UJJIVAN,2022-09-21,2023-01-27,4,19.7
VBL,2022-07-18,2022-10-24,3,19.6
SBC,2023-05-09,2023-06-08,1,19.1
TATAMTRDVR,2023-07-11,2023-08-10,1,19.0
ELECTCAST,2023-10-16,2023-11-17,1,19.0
CUPID,2023-11-17,2023-12-20,1,18.8
TEJASNET,2020-12-11,2021-02-15,2,18.8
GVKPIL,2024-03-28,2024-05-03,1,18.8
SAKSOFT,2023-06-08,2023-09-12,3,18.8
TRIL,2024-01-23,2024-02-23,1,18.7
KIRLOSBROS,2023-07-11,2023-09-12,2,18.6
POWERINDIA,2026-04-21,2026-05-22,1,18.2
TVSHLTD,2024-06-05,2024-07-08,1,18.1
BEPL,2020-12-11,2021-04-23,4,17.9
KAYNES,2023-06-08,2023-08-10,2,17.9
RAMRAT,2024-09-10,2024-10-11,1,17.9
TVSMOTOR,2022-07-18,2022-11-25,4,17.4
JSLHISAR,2020-12-11,2021-01-13,1,17.2
MAHLIFE,2022-06-16,2022-08-19,2,16.9
RPPINFRA,2024-08-08,2024-09-10,1,16.7
JYOTHYLAB,2023-11-17,2024-01-23,2,16.6
TATAELXSI,2021-05-26,2021-07-28,2,16.6
TATAINVEST,2024-08-08,2024-09-10,1,16.5
MARINE,2024-10-11,2025-01-16,3,16.5
LTF,2025-10-03,2026-01-08,3,16.4
IFCI,2024-01-23,2024-02-23,1,16.4
KRISHANA,2025-05-29,2025-10-03,4,16.3
DAAWAT,2020-07-07,2020-08-06,1,16.3
TATASTEEL,2021-04-23,2021-05-26,1,16.2
CYIENT,2023-05-09,2023-06-08,1,16.0
KAJARIACER,2021-01-13,2021-04-23,3,15.8
SMSPHARMA,2024-08-08,2024-09-10,1,15.8
PANACEABIO,2025-03-21,2025-05-29,2,15.7
DCAL,2020-07-07,2020-10-08,3,15.6
TATAGLOBAL,2019-08-08,2019-12-23,4,15.5
NCC,2023-04-03,2023-06-08,2,15.4
BHARATWIRE,2023-08-10,2023-09-12,1,15.3
SPMLINFRA,2025-06-30,2025-07-30,1,15.2
CHOLAFIN,2020-12-11,2021-01-13,1,15.2
RKFORGE,2023-06-08,2023-07-11,1,15.2
RAMKY,2023-09-12,2023-10-16,1,14.9
IIFL,2021-09-30,2021-12-06,2,14.8
DIXON,2023-11-17,2023-12-20,1,14.8
ANANTRAJ,2023-08-10,2023-09-12,1,14.8
DBREALTY,2024-01-23,2024-02-23,1,14.7
APARINDS,2022-10-24,2022-12-27,2,14.6
RKFORGE,2023-08-10,2023-10-16,2,14.6
VENUSPIPES,2023-06-08,2023-10-16,4,14.6
ITC,2022-07-18,2022-11-25,4,14.5
RPOWER,2021-11-02,2021-12-06,1,14.5
VEDL,2021-04-23,2021-06-25,2,14.3
JKIL,2022-06-16,2022-08-19,2,14.3
PREMEXPLN,2023-08-10,2023-09-12,1,14.3
MUTHOOTFIN,2019-01-25,2019-07-09,5,14.3
TNPETRO,2021-06-25,2021-09-30,3,14.1
SPECIALITY,2022-03-10,2022-04-12,1,14.1
ALLCARGO,2021-12-06,2022-01-05,1,13.9
SCHAEFFLER,2022-06-16,2022-07-18,1,13.7
WEL,2024-09-10,2024-11-12,2,13.4
HDFCLIFE,2019-08-08,2020-01-23,5,13.4
MCX,2019-10-17,2019-11-21,1,13.3
KOTAKBANK,2019-05-07,2019-10-17,5,13.3
LAXMIMACH,2021-02-15,2021-03-18,1,13.2
HSCL,2024-08-08,2024-11-12,3,13.2
MIDHANI,2020-03-27,2020-05-05,1,13.2
KAYNES,2023-09-12,2023-11-17,2,13.0
SRF,2019-01-25,2019-04-01,2,13.0
KIRLOSENG,2026-03-16,2026-05-22,2,13.0
RTNPOWER,2021-06-25,2021-07-28,1,13.0
POLYCAB,2021-04-23,2021-05-26,1,12.8
KKCL,2022-08-19,2022-11-25,3,12.8
NELCO,2021-09-30,2021-11-02,1,12.8
AJANTPHARM,2020-03-27,2020-07-07,3,12.7
SARVESHWAR,2024-06-05,2024-07-08,1,12.7
CUMMINSIND,2024-03-28,2024-06-05,2,12.6
ZEEMEDIA,2022-01-05,2022-02-07,1,12.5
SUZLON,2023-09-12,2023-10-16,1,12.4
MASTEK,2021-06-25,2021-07-28,1,12.3
BAJAJ-AUTO,2024-02-23,2024-07-08,4,12.3
GOKEX,2021-11-02,2021-12-06,1,12.2
NEWGEN,2023-05-09,2023-06-08,1,12.1
TATAELXSI,2021-01-13,2021-03-18,2,12.1
ANANTRAJ,2023-06-08,2023-07-11,1,12.0
AFFLE,2020-06-05,2020-07-07,1,12.0
ICICIGI,2019-02-26,2019-04-01,1,11.9
SRF,2021-08-30,2021-11-02,2,11.8
VENUSREM,2026-03-16,2026-04-21,1,11.6
FINCABLES,2023-02-28,2023-06-08,3,11.6
ABFRL,2019-01-25,2019-04-01,2,11.3
GRAVITA,2022-09-21,2022-10-24,1,11.3
JUNIORBEES,2024-05-03,2024-07-08,2,11.3
APOLLO,2024-03-28,2024-05-03,1,11.2
NEULANDLAB,2020-09-07,2020-12-11,3,11.2
BHARATFORG,2026-03-16,2026-05-22,2,11.2
CARTRADE,2025-02-17,2025-04-28,2,11.0
KARURVYSYA,2022-10-24,2023-02-28,4,10.9
BLUEDART,2021-02-15,2021-04-23,2,10.9
DEEPAKFERT,2022-06-16,2022-07-18,1,10.9
DEEPAKNTR,2020-08-06,2020-09-07,1,10.8
GRMOVER,2025-12-08,2026-01-08,1,10.8
HAL,2024-05-03,2024-06-05,1,10.7
WABAG,2024-10-11,2024-11-12,1,10.5
LSIL,2023-06-08,2023-07-11,1,10.3
CIPLA,2020-08-06,2020-10-08,2,10.3
MANAPPURAM,2025-04-28,2025-07-30,3,10.3
TANLA,2021-12-06,2022-01-05,1,10.2
ACE,2023-07-11,2023-09-12,2,10.1
IRCTC,2020-05-05,2020-07-07,2,10.1
INDHOTEL,2019-02-26,2019-04-01,1,10.1
WHIRLPOOL,2019-10-17,2020-01-23,3,10.0
SAIL,2021-05-26,2021-06-25,1,9.9
PANAMAPET,2021-06-25,2021-07-28,1,9.9
GOLDIETF,2025-02-17,2025-05-29,3,9.8
TFCILTD,2025-07-30,2025-12-08,4,9.8
TATAGOLD,2025-02-17,2025-05-29,3,9.8
THERMAX,2024-06-05,2024-07-08,1,9.8
HDFCGOLD,2025-02-17,2025-05-29,3,9.8
LYKALABS,2021-12-06,2022-01-05,1,9.8
ZYDUSLIFE,2024-06-05,2024-07-08,1,9.7
63MOONS,2024-03-28,2024-05-03,1,9.7
SHOPERSTOP,2022-08-19,2022-11-25,3,9.7
SETFGOLD,2025-02-17,2025-05-29,3,9.7
GOLDBEES,2025-02-17,2025-04-28,2,9.7
ITDCEM,2023-08-10,2023-09-12,1,9.6
LIQUIDCASE,2024-08-08,2026-05-22,20,9.5
SIEMENS,2024-05-03,2024-06-05,1,9.5
RENUKA,2021-06-25,2021-07-28,1,9.4
LALPATHLAB,2019-09-13,2019-12-23,3,9.3
AMIORG,2025-02-17,2025-03-21,1,9.3
EMAMILTD,2020-12-11,2021-02-15,2,9.3
J&KBANK,2023-04-03,2023-05-09,1,9.2
TARC,2023-08-10,2023-10-16,2,9.1
VADILALIND,2022-06-16,2022-07-18,1,9.0
DEEPAKNTR,2021-04-23,2021-05-26,1,9.0
BIRLAMONEY,2025-05-29,2025-06-30,1,8.9
EKC,2022-01-05,2022-02-07,1,8.8
HAL,2022-08-19,2022-09-21,1,8.8
CUPID,2026-04-21,2026-05-22,1,8.8
NITINSPIN,2021-07-28,2021-08-30,1,8.8
SKFINDIA,2021-06-25,2021-07-28,1,8.8
TATAPOWER,2022-02-07,2022-04-12,2,8.6
TECHNOE,2023-12-20,2024-01-23,1,8.5
LIQUID1,2024-10-11,2026-05-22,18,8.5
BALKRISIND,2020-01-23,2020-02-25,1,8.4
VENUSPIPES,2022-12-27,2023-04-03,3,8.4
MANORAMA,2024-11-12,2024-12-16,1,8.4
VADILALIND,2022-08-19,2022-09-21,1,8.4
SYRMA,2025-09-02,2025-10-03,1,8.3
LIQUIDADD,2024-10-11,2026-05-22,18,8.3
FDC,2020-05-05,2020-06-05,1,8.2
GRANULES,2020-03-27,2020-05-05,1,8.2
MASTEK,2021-08-30,2021-11-02,2,8.1
TATAELXSI,2020-10-08,2020-11-09,1,8.1
HSCL,2023-09-12,2023-11-17,2,8.1
TATAELXSI,2021-09-30,2021-11-02,1,8.0
MOLDTECH,2023-05-09,2023-06-08,1,8.0
PERSISTENT,2021-01-13,2021-02-15,1,7.9
KESORAMIND,2023-12-20,2024-06-05,5,7.9
AFFLE,2021-02-15,2021-03-18,1,7.9
APOLLOPIPE,2021-04-23,2021-05-26,1,7.7
SHAILY,2024-07-08,2024-09-10,2,7.7
DHANUKA,2020-07-07,2020-08-06,1,7.7
ZOMATO,2024-03-28,2024-05-03,1,7.7
TRENT,2019-09-13,2019-11-21,2,7.6
POKARNA,2024-11-12,2024-12-16,1,7.6
CPSEETF,2023-12-20,2024-01-23,1,7.6
RECLTD,2019-02-26,2019-04-01,1,7.6
HDFCAMC,2023-12-20,2024-01-23,1,7.4
DIXON,2021-02-15,2021-03-18,1,7.4
INDIAGLYCO,2025-05-29,2025-06-30,1,7.4
SUVENPHAR,2020-12-11,2021-01-13,1,7.3
HSCL,2024-05-03,2024-07-08,2,7.3
ANUP,2023-07-11,2023-08-10,1,7.2
REFEX,2025-01-16,2025-03-21,2,7.2
RAJRATAN,2022-07-18,2022-10-24,3,7.2
PFIZER,2020-03-27,2020-06-05,2,7.2
AXISBANK,2019-02-26,2019-04-01,1,7.2
COFORGE,2024-11-12,2025-01-16,2,7.2
ROHLTD,2022-10-24,2022-11-25,1,7.1
ELECON,2022-08-19,2022-12-27,4,7.1
CHOICEIN,2024-11-12,2024-12-16,1,7.0
ANANTRAJ,2021-09-30,2021-11-02,1,7.0
ADANIPOWER,2019-08-08,2019-09-13,1,7.0
APLLTD,2020-06-05,2020-09-07,3,7.0
POWERMECH,2022-09-21,2023-02-28,5,7.0
AAVAS,2019-06-07,2019-08-08,2,6.9
RELIANCE,2020-09-07,2020-10-08,1,6.9
MIRZAINT,2022-08-19,2022-09-21,1,6.9
ITI,2025-07-30,2025-10-03,2,6.8
FCL,2022-09-21,2022-10-24,1,6.7
LAURUSLABS,2025-11-06,2026-02-11,3,6.7
ASHOKLEY,2021-01-13,2021-02-15,1,6.6
GODFRYPHLP,2025-07-30,2025-09-02,1,6.5
ICIL,2020-11-09,2020-12-11,1,6.5
MAXHEALTH,2021-06-25,2021-07-28,1,6.4
GPIL,2021-12-06,2022-01-05,1,6.4
MARATHON,2022-07-18,2022-08-19,1,6.4
MANAPPURAM,2019-02-26,2019-08-08,5,6.4
GOLD1,2025-03-21,2025-05-29,2,6.4
VSTTILLERS,2025-12-08,2026-01-08,1,6.3
SHANTIGEAR,2022-10-24,2022-11-25,1,6.3
GANECOS,2024-10-11,2024-12-16,2,6.3
ZENTEC,2024-02-23,2024-06-05,3,6.3
USHAMART,2023-08-10,2023-09-12,1,6.3
POWERMECH,2023-08-10,2023-09-12,1,6.2
AUROPHARMA,2020-06-05,2020-09-07,3,6.1
ADANIPORTS,2021-03-18,2021-04-23,1,6.1
STAR,2024-06-05,2024-07-08,1,6.0
FOODSIN,2023-06-08,2023-08-10,2,6.0
JBMA,2021-12-06,2022-01-05,1,6.0
NITINSPIN,2021-12-06,2022-01-05,1,5.9
RAMKY,2023-12-20,2024-01-23,1,5.9
DEEPAKNTR,2021-06-25,2021-07-28,1,5.8
UNIONBANK,2023-04-03,2023-05-09,1,5.8
DIVISLAB,2019-02-26,2019-04-01,1,5.6
RELAXO,2019-11-21,2020-05-05,5,5.6
MTARTECH,2021-12-06,2022-01-05,1,5.6
SHAKTIPUMP,2025-04-28,2025-06-30,2,5.5
BDL,2022-06-16,2022-08-19,2,5.4
YATHARTH,2025-09-02,2025-10-03,1,5.4
DEEPAKNTR,2021-08-30,2021-09-30,1,5.4
LIQUIDBETF,2025-03-21,2026-05-22,13,5.3
PFC,2023-08-10,2023-09-12,1,5.3
BECTORFOOD,2023-01-27,2023-02-28,1,5.2
HDFCBANK,2019-04-01,2019-06-07,2,5.2
SEAMECLTD,2026-04-21,2026-05-22,1,5.2
TITAN,2019-02-26,2019-07-09,4,5.2
NAM-INDIA,2023-12-20,2024-01-23,1,5.2
BANKBARODA,2022-11-25,2022-12-27,1,5.2
INDIACEM,2024-11-12,2025-01-16,2,5.1
LUMAXIND,2025-07-30,2025-09-02,1,5.1
ADANIENT,2022-08-19,2022-10-24,2,5.1
POLYCAB,2019-11-21,2020-01-23,2,5.1
GUJGASLTD,2020-03-27,2020-05-05,1,5.1
GRWRHITECH,2024-11-12,2025-01-16,2,5.1
PVR,2019-01-25,2019-04-01,2,5.1
TEXRAIL,2023-09-12,2023-11-17,2,4.8
EVEREADY,2020-12-11,2021-01-13,1,4.6
63MOONS,2022-01-05,2022-02-07,1,4.6
SOUTHWEST,2026-04-21,2026-05-22,1,4.5
LIBERTSHOE,2022-10-24,2022-11-25,1,4.5
KAJARIACER,2019-02-26,2019-07-09,4,4.5
LUPIN,2023-09-12,2023-11-17,2,4.5
ATALREAL,2025-11-06,2026-01-08,2,4.4
SHREYAS,2021-09-30,2021-11-02,1,4.3
SHREECEM,2019-05-07,2019-06-07,1,4.3
INEOSSTYRO,2021-05-26,2021-06-25,1,4.3
ZOMATO,2023-08-10,2023-09-12,1,4.1
LTGILTBEES,2025-01-16,2025-09-02,7,4.1
VIMTALABS,2025-02-17,2025-04-28,2,4.1
CHOICEIN,2024-09-10,2024-10-11,1,4.0
TATAMTRDVR,2023-09-12,2023-10-16,1,4.0
SUDARSCHEM,2024-08-08,2024-09-10,1,4.0
DRREDDY,2019-01-25,2019-04-01,2,4.0
FILATEX,2021-05-26,2021-06-25,1,3.9
FORCEMOT,2025-06-30,2025-10-03,3,3.9
TATAINVEST,2024-06-05,2024-07-08,1,3.9
ITDCEM,2022-09-21,2022-12-27,3,3.8
NETWEB,2024-06-05,2024-08-08,2,3.8
CYIENT,2020-12-11,2021-01-13,1,3.7
HLEGLAS,2021-09-30,2021-11-02,1,3.7
PERSISTENT,2021-05-26,2021-06-25,1,3.6
ATULAUTO,2023-02-28,2023-05-09,2,3.5
LIQUIDPLUS,2025-07-30,2026-05-22,9,3.5
AXISCADES,2026-04-21,2026-05-22,1,3.4
GLAND,2023-12-20,2024-01-23,1,3.4
INTELLECT,2020-10-08,2020-11-09,1,3.4
IGL,2019-11-21,2019-12-23,1,3.3
BAJAJHIND,2022-01-05,2022-04-12,3,3.3
BAJAJFINSV,2019-05-07,2019-07-09,2,3.3
URJA,2024-06-05,2024-11-12,5,3.1
HIL,2021-07-28,2021-08-30,1,3.1
AFFLE,2020-12-11,2021-01-13,1,3.0
GREENPOWER,2024-07-08,2024-08-08,1,3.0
EVEREADY,2020-08-06,2020-10-08,2,3.0
REFEX,2025-04-28,2025-07-30,3,3.0
SPMLINFRA,2025-04-28,2025-05-29,1,2.9
CDSL,2021-11-02,2022-04-12,5,2.9
NAVA,2023-06-08,2023-07-11,1,2.9
MAHINDCIE,2022-10-24,2022-12-27,2,2.9
EMUDHRA,2024-08-08,2024-09-10,1,2.9
TATAINVEST,2024-02-23,2024-03-28,1,2.9
CUMMINSIND,2025-11-06,2025-12-08,1,2.9
GODREJPROP,2019-09-13,2019-10-17,1,2.8
DIVISLAB,2020-02-25,2020-07-07,4,2.6
CASHIETF,2025-10-03,2026-05-22,7,2.5
RESPONIND,2023-09-12,2023-10-16,1,2.5
INTELLECT,2019-08-08,2019-09-13,1,2.4
MAXHEALTH,2021-04-23,2021-05-26,1,2.4
DYNAMATECH,2022-01-05,2022-02-07,1,2.4
ESTER,2020-11-09,2021-01-13,2,2.2
SSWL,2021-12-06,2022-01-05,1,2.2
MAZDOCK,2022-10-24,2023-04-03,5,2.1
PCJEWELLER,2022-08-19,2022-09-21,1,2.1
TIINDIA,2021-03-18,2021-05-26,2,2.1
POLYCAB,2025-10-03,2025-11-06,1,2.1
RELINFRA,2023-04-03,2023-05-09,1,2.0
PSB,2023-05-09,2023-06-08,1,2.0
QUICKHEAL,2024-01-23,2024-03-28,2,2.0
BUTTERFLY,2022-03-10,2022-04-12,1,2.0
JPPOWER,2024-06-05,2024-07-08,1,2.0
TRITURBINE,2023-02-28,2023-04-03,1,2.0
SDBL,2022-10-24,2022-12-27,2,2.0
SEAMECLTD,2024-07-08,2024-08-08,1,1.9
CIGNITITEC,2024-08-08,2024-10-11,2,1.9
MCX,2020-03-27,2020-05-05,1,1.9
RTNPOWER,2021-11-02,2021-12-06,1,1.9
GLOBUSSPR,2020-10-08,2020-12-11,2,1.8
BAJAJ-AUTO,2023-06-08,2023-07-11,1,1.8
RPOWER,2025-02-17,2025-03-21,1,1.8
KOPRAN,2021-12-06,2022-03-10,3,1.8
INFY,2020-11-09,2020-12-11,1,1.7
COFORGE,2021-08-30,2021-09-30,1,1.7
AURIONPRO,2024-07-08,2024-11-12,4,1.7
KOPRAN,2020-11-09,2020-12-11,1,1.7
KTKBANK,2022-11-25,2022-12-27,1,1.6
CAMLINFINE,2020-12-11,2021-01-13,1,1.6
PIDILITIND,2019-08-08,2019-10-17,2,1.5
SAKSOFT,2023-02-28,2023-04-03,1,1.5
ALKEM,2020-03-27,2020-06-05,2,1.5
GRMOVER,2025-06-30,2025-09-02,2,1.5
TATAMOTORS,2024-03-28,2024-05-03,1,1.5
MUTHOOTFIN,2025-12-08,2026-01-08,1,1.5
GPIL,2021-09-30,2021-11-02,1,1.4
AMBUJACEM,2021-07-28,2021-08-30,1,1.4
APOLLOHOSP,2019-09-13,2019-10-17,1,1.4
ITC,2023-06-08,2023-08-10,2,1.4
GOKULAGRO,2024-09-10,2024-10-11,1,1.4
INOXWIND,2023-12-20,2024-01-23,1,1.4
AVANTIFEED,2019-11-21,2020-02-25,3,1.3
WALCHANNAG,2024-07-08,2024-09-10,2,1.3
TATAMTRDVR,2023-11-17,2023-12-20,1,1.2
SUNFLAG,2023-04-03,2023-06-08,2,1.2
GRASIM,2021-06-25,2021-07-28,1,1.2
VSTTILLERS,2020-10-08,2020-11-09,1,1.1
GOLDBEES,2019-09-13,2019-11-21,2,1.1
SILVERIETF,2026-03-16,2026-04-21,1,1.1
AXISILVER,2026-03-16,2026-04-21,1,1.1
GALLANTT,2025-04-28,2025-05-29,1,1.1
SILVERBEES,2026-03-16,2026-04-21,1,1.1
LT,2022-12-27,2023-01-27,1,1.1
ADANIGREEN,2024-05-03,2024-06-05,1,1.0
SILVER,2026-03-16,2026-04-21,1,1.0
HDFCMFGETF,2020-05-05,2020-07-07,2,0.9
GODFRYPHLP,2019-12-23,2020-02-25,2,0.8
MON100,2023-07-11,2023-08-10,1,0.8
MARICO,2019-09-13,2019-10-17,1,0.8
ESILVER,2026-03-16,2026-04-21,1,0.7
LUMAXTECH,2025-07-30,2025-09-02,1,0.7
NETWORK18,2020-07-07,2020-08-06,1,0.6
BAJFINANCE,2025-04-28,2025-05-29,1,0.6
SOMANYCERA,2021-02-15,2021-03-18,1,0.5
VARROC,2020-12-11,2021-01-13,1,0.5
FSL,2020-11-09,2020-12-11,1,0.5
SIRCA,2025-09-02,2025-12-08,3,0.5
WELSPUNIND,2020-10-08,2020-12-11,2,0.5
CUMMINSIND,2023-04-03,2023-05-09,1,0.4
BSOFT,2020-10-08,2020-12-11,2,0.4
ESCORTS,2020-07-07,2020-08-06,1,0.3
GUJGASLTD,2021-07-28,2021-08-30,1,0.2
HIKAL,2021-07-28,2021-11-02,3,0.2
INDOTECH,2025-03-21,2025-04-28,1,0.2
NAZARA,2025-05-29,2025-06-30,1,0.2
CANFINHOME,2019-08-08,2019-10-17,2,0.1
GROWWDEFNC,2025-05-29,2025-06-30,1,0.1
HEXAWARE,2020-10-08,2020-11-09,1,0.1
SHRIPISTON,2024-03-28,2024-05-03,1,0.1
GRANULES,2020-11-09,2020-12-11,1,0.0
FEDERALBNK,2019-04-01,2019-05-07,1,0.0
INDOTHAI,2025-10-03,2025-11-06,1,-0.0
JUBLPHARMA,2024-05-03,2024-06-05,1,-0.1
BAJFINANCE,2019-04-01,2019-05-07,1,-0.1
COLPAL,2024-09-10,2024-10-11,1,-0.1
MOLDTECH,2023-02-28,2023-04-03,1,-0.1
WIPRO,2020-11-09,2020-12-11,1,-0.2
AONELIQUID,2026-04-21,2026-05-22,1,-0.2
VINYLINDIA,2023-05-09,2023-06-08,1,-0.2
BAJFINANCE,2019-10-17,2019-11-21,1,-0.2
ABCAPITAL,2025-12-08,2026-01-08,1,-0.2
PRAKASH,2023-10-16,2023-11-17,1,-0.2
AIIL,2025-09-02,2025-10-03,1,-0.2
BAJAJHIND,2021-06-25,2021-07-28,1,-0.3
NELCO,2022-03-10,2022-04-12,1,-0.3
CDSL,2020-09-07,2020-10-08,1,-0.3
DFMFOODS,2022-12-27,2023-01-27,1,-0.4
BOSCHLTD,2024-03-28,2024-05-03,1,-0.4
JSWSTEEL,2021-01-13,2021-02-15,1,-0.4
BPCL,2019-10-17,2019-11-21,1,-0.4
GVT&D,2025-09-02,2025-12-08,3,-0.5
ABB,2023-07-11,2023-08-10,1,-0.5
APARINDS,2023-04-03,2023-05-09,1,-0.5
GOLDETF,2025-04-28,2025-05-29,1,-0.5
TORNTPHARM,2020-05-05,2020-06-05,1,-0.5
SUVENPHAR,2023-05-09,2023-06-08,1,-0.6
LIQUIDIETF,2024-08-08,2024-09-10,1,-0.6
VOLTAS,2024-06-05,2024-07-08,1,-0.6
DMART,2019-10-17,2020-01-23,3,-0.6
PITTIENG,2021-08-30,2021-09-30,1,-0.7
UNICHEMLAB,2023-08-10,2023-09-12,1,-0.8
RKFORGE,2021-09-30,2021-11-02,1,-0.8
GUJGASLTD,2020-01-23,2020-02-25,1,-0.8
GOLDETFADD,2025-04-28,2025-05-29,1,-0.9
EASEMYTRIP,2022-01-05,2022-03-10,2,-0.9
SCHAEFFLER,2022-08-19,2022-11-25,3,-0.9
ASTEC,2020-09-07,2020-10-08,1,-0.9
DRREDDY,2020-05-05,2020-07-07,2,-0.9
LTFOODS,2024-09-10,2024-10-11,1,-1.0
SUPPETRO,2021-05-26,2021-06-25,1,-1.0
SKYGOLD,2025-04-28,2025-07-30,3,-1.1
DALMIASUG,2021-06-25,2021-08-30,2,-1.3
BALRAMCHIN,2021-08-30,2021-09-30,1,-1.3
DABUR,2019-11-21,2019-12-23,1,-1.3
AGIIL,2025-04-28,2025-05-29,1,-1.4
ADANIPOWER,2019-11-21,2019-12-23,1,-1.4
SHAKTIPUMP,2021-05-26,2021-06-25,1,-1.4
IPCALAB,2019-07-09,2019-09-13,2,-1.5
MANALIPETC,2021-09-30,2021-12-06,2,-1.5
MAHINDCIE,2023-06-08,2023-07-11,1,-1.6
ZYDUSLIFE,2024-03-28,2024-05-03,1,-1.6
APOLLO,2024-06-05,2024-10-11,4,-1.7
MINDTREE,2019-05-07,2019-06-07,1,-1.7
SHRIRAMFIN,2026-02-11,2026-04-21,2,-1.7
EICHERMOT,2022-09-21,2022-10-24,1,-1.7
GSKCONS,2019-10-17,2019-11-21,1,-1.7
DEEPAKFERT,2024-11-12,2024-12-16,1,-1.7
JSWISPL,2022-01-05,2022-02-07,1,-1.8
TNPL,2022-08-19,2022-09-21,1,-1.8
COLPAL,2019-10-17,2019-11-21,1,-1.8
MAZDOCK,2023-09-12,2023-12-20,3,-1.8
PFC,2019-02-26,2019-05-07,2,-1.8
ASTRAL,2021-07-28,2021-08-30,1,-1.8
HAL,2022-06-16,2022-07-18,1,-1.9
ASTRAL,2021-03-18,2021-04-23,1,-1.9
IONEXCHANG,2023-07-11,2023-08-10,1,-2.0
SETFGOLD,2020-05-05,2020-06-05,1,-2.0
SONATSOFTW,2023-04-03,2023-05-09,1,-2.0
FACT,2021-06-25,2021-07-28,1,-2.0
PVR,2019-05-07,2019-06-07,1,-2.1
CENTURYPLY,2021-02-15,2021-03-18,1,-2.1
BDL,2025-05-29,2025-06-30,1,-2.1
GLENMARK,2023-08-10,2023-10-16,2,-2.1
LUMAXIND,2025-12-08,2026-01-08,1,-2.2
FAIRCHEMOR,2021-08-30,2021-09-30,1,-2.2
MFL,2022-07-18,2022-08-19,1,-2.2
RAMASTEEL,2022-11-25,2022-12-27,1,-2.2
ADANIPOWER,2021-03-18,2021-04-23,1,-2.2
TATAMOTORS,2023-07-11,2023-08-10,1,-2.2
RELINFRA,2022-01-05,2022-06-16,5,-2.3
PFIZER,2019-11-21,2020-01-23,2,-2.3
UFLEX,2020-12-11,2021-01-13,1,-2.4
SCHNEIDER,2023-09-12,2023-11-17,2,-2.4
SOBHA,2024-05-03,2024-06-05,1,-2.4
HAVELLS,2019-01-25,2019-02-26,1,-2.5
RAJESHEXPO,2019-08-08,2019-09-13,1,-2.5
KPRMILL,2021-07-28,2021-09-30,2,-2.6
LSIL,2022-08-19,2022-09-21,1,-2.7
UNIONBANK,2022-11-25,2023-01-27,2,-2.7
DLF,2024-03-28,2024-05-03,1,-2.7
TATACHEM,2021-03-18,2021-05-26,2,-2.7
NAUKRI,2019-07-09,2019-08-08,1,-2.8
CIPLA,2020-06-05,2020-07-07,1,-2.8
KPITTECH,2023-02-28,2023-04-03,1,-2.8
WINDMACHIN,2024-11-12,2025-02-17,3,-2.8
KALPATPOWR,2019-06-07,2019-07-09,1,-2.8
VERTOZ,2023-05-09,2023-06-08,1,-2.9
RVNL,2023-09-12,2023-10-16,1,-2.9
JAYNECOIND,2026-01-08,2026-02-11,1,-2.9
NH,2020-01-23,2020-02-25,1,-2.9
SDBL,2023-07-11,2023-11-17,4,-3.0
SEAMECLTD,2022-01-05,2022-02-07,1,-3.0
GRSE,2025-05-29,2025-06-30,1,-3.0
KIRLOSENG,2022-12-27,2023-02-28,2,-3.1
ICICIBANK,2019-12-23,2020-01-23,1,-3.1
JKLAKSHMI,2021-07-28,2021-08-30,1,-3.1
ICICIBANK,2019-01-25,2019-02-26,1,-3.1
BCLIND,2023-07-11,2023-08-10,1,-3.1
MFSL,2025-06-30,2025-10-03,3,-3.2
HINDUNILVR,2019-10-17,2019-11-21,1,-3.2
INDIACEM,2020-03-27,2020-05-05,1,-3.2
TORNTPHARM,2019-01-25,2019-02-26,1,-3.2
WEBELSOLAR,2025-04-28,2025-07-30,3,-3.3
IRCON,2023-09-12,2023-10-16,1,-3.3
TARC,2024-05-03,2024-06-05,1,-3.3
SURYAROSNI,2023-05-09,2023-06-08,1,-3.4
DBREALTY,2022-10-24,2022-11-25,1,-3.4
SJS,2025-11-06,2025-12-08,1,-3.4
KIRIINDUS,2025-03-21,2025-04-28,1,-3.4
SEAMECLTD,2021-09-30,2021-11-02,1,-3.4
ZENTEC,2021-12-06,2022-03-10,3,-3.6
INDHOTEL,2022-09-21,2022-10-24,1,-3.6
DYCL,2023-11-17,2023-12-20,1,-3.6
INFIBEAM,2020-10-08,2020-11-09,1,-3.6
KIRLOSBROS,2021-09-30,2021-11-02,1,-3.6
PAYTM,2024-11-12,2025-02-17,3,-3.7
JSWHL,2025-03-21,2025-04-28,1,-3.7
CREDITACC,2022-07-18,2022-08-19,1,-3.7
KEC,2020-10-08,2020-11-09,1,-3.8
HAL,2023-07-11,2023-08-10,1,-3.8
NEULANDLAB,2024-11-12,2024-12-16,1,-3.8
CREATIVE,2022-02-07,2022-03-10,1,-3.8
JSWISPL,2021-05-26,2021-06-25,1,-3.9
BEL,2022-09-21,2022-10-24,1,-3.9
BLUESTARCO,2023-02-28,2023-04-03,1,-4.0
NIITTECH,2019-06-07,2019-08-08,2,-4.1
CUPID,2024-11-12,2024-12-16,1,-4.1
M&M,2022-09-21,2022-11-25,2,-4.1
IPCALAB,2019-04-01,2019-06-07,2,-4.1
SRF,2019-06-07,2019-09-13,3,-4.1
IMFA,2025-10-03,2025-11-06,1,-4.1
ROLEXRINGS,2022-10-24,2022-11-25,1,-4.1
SMLISUZU,2025-07-30,2025-10-03,2,-4.2
BANKBEES,2019-04-01,2019-05-07,1,-4.2
GSPL,2019-08-08,2019-10-17,2,-4.2
TATAINVEST,2023-01-27,2023-02-28,1,-4.2
MARINE,2023-08-10,2023-09-12,1,-4.3
SALZERELEC,2024-07-08,2024-08-08,1,-4.3
APOLLO,2023-11-17,2023-12-20,1,-4.3
TATAMTRDVR,2021-02-15,2021-03-18,1,-4.4
KPIGREEN,2022-11-25,2022-12-27,1,-4.4
SUNTECK,2021-01-13,2021-02-15,1,-4.4
ZENTEC,2024-12-16,2025-01-16,1,-4.4
BORORENEW,2021-02-15,2021-06-25,4,-4.4
ZENTEC,2024-08-08,2024-09-10,1,-4.5
SEQUENT,2025-02-17,2025-03-21,1,-4.6
BIRLACABLE,2022-03-10,2022-04-12,1,-4.6
CHOLAHLDNG,2023-09-12,2023-11-17,2,-4.7
AMBER,2020-06-05,2020-07-07,1,-4.7
KITEX,2025-09-02,2025-10-03,1,-4.8
DCBBANK,2019-04-01,2019-08-08,4,-4.8
DAAWAT,2020-09-07,2020-10-08,1,-4.8
VINATIORGA,2019-09-13,2019-10-17,1,-4.9
DEEPAKNTR,2020-02-25,2020-06-05,3,-4.9
HGINFRA,2023-06-08,2023-07-11,1,-5.0
KIRLOSENG,2024-06-05,2024-08-08,2,-5.0
EQUITASBNK,2023-02-28,2023-04-03,1,-5.0
SOLARINDS,2023-01-27,2023-02-28,1,-5.1
BATAINDIA,2020-01-23,2020-02-25,1,-5.1
AMBUJACEM,2022-09-21,2022-10-24,1,-5.1
VINYLINDIA,2022-09-21,2022-10-24,1,-5.1
GMRP&UI,2023-12-20,2024-01-23,1,-5.1
LAURUSLABS,2020-05-05,2020-06-05,1,-5.2
BEML,2019-04-01,2019-06-07,2,-5.2
HERITGFOOD,2024-06-05,2024-07-08,1,-5.2
JINDALSTEL,2022-12-27,2023-02-28,2,-5.2
APOLLOTYRE,2022-12-27,2023-01-27,1,-5.3
RAMCOCEM,2019-07-09,2019-09-13,2,-5.3
INDOTHAI,2026-02-11,2026-05-22,3,-5.3
ULTRACEMCO,2019-08-08,2019-09-13,1,-5.3
MARUTI,2025-12-08,2026-02-11,2,-5.4
RVNL,2024-07-08,2024-08-08,1,-5.4
GOODLUCK,2024-01-23,2024-02-23,1,-5.4
ITI,2024-01-23,2024-02-23,1,-5.5
BAJFINANCE,2019-06-07,2019-08-08,2,-5.5
SRM,2025-06-30,2025-09-02,2,-5.6
IDFCFIRSTB,2022-11-25,2023-02-28,3,-5.6
JKCEMENT,2019-06-07,2019-08-08,2,-5.6
APOLLO,2023-01-27,2023-02-28,1,-5.6
SILVER360,2026-02-11,2026-03-16,1,-5.6
KALYANKJIL,2024-03-28,2024-05-03,1,-5.6
SALASAR,2021-06-25,2021-07-28,1,-5.7
SWANENERGY,2024-02-23,2024-03-28,1,-5.7
HEROMOTOCO,2025-12-08,2026-01-08,1,-5.7
FOODSIN,2023-02-28,2023-04-03,1,-5.7
IZMO,2025-12-08,2026-01-08,1,-5.8
GODREJCP,2021-08-30,2021-09-30,1,-5.9
BANDHANBNK,2019-05-07,2019-06-07,1,-5.9
SHREDIGCEM,2020-07-07,2020-08-06,1,-5.9
ABDL,2025-11-06,2025-12-08,1,-5.9
3IINFOTECH,2021-05-26,2021-06-25,1,-5.9
ICICIGI,2019-08-08,2019-09-13,1,-6.0
VISHNU,2022-09-21,2022-10-24,1,-6.0
DMART,2020-06-05,2020-07-07,1,-6.1
SIEMENS,2019-10-17,2019-12-23,2,-6.1
LLOYDSME,2025-03-21,2025-04-28,1,-6.1
MANGCHEFER,2021-05-26,2021-06-25,1,-6.1
PSUBNKBEES,2022-11-25,2023-01-27,2,-6.1
AGI,2023-10-16,2023-11-17,1,-6.1
DEEPAKNTR,2019-07-09,2019-08-08,1,-6.1
IOLCP,2019-01-25,2019-04-01,2,-6.1
WESTLIFE,2022-10-24,2023-01-27,3,-6.2
PGEL,2023-06-08,2023-07-11,1,-6.2
ALOKINDS,2020-10-08,2020-11-09,1,-6.2
KAMDHENU,2023-05-09,2023-06-08,1,-6.2
KERNEX,2024-12-16,2025-01-16,1,-6.2
VERTOZ,2023-02-28,2023-04-03,1,-6.2
BLUEJET,2025-02-17,2025-04-28,2,-6.3
TECHM,2019-02-26,2019-04-01,1,-6.3
MUTHOOTFIN,2019-08-08,2019-09-13,1,-6.3
AARTIIND,2019-09-13,2019-10-17,1,-6.4
GRWRHITECH,2023-10-16,2023-11-17,1,-6.4
NUCLEUS,2023-06-08,2023-08-10,2,-6.4
SBIN,2026-02-11,2026-04-21,2,-6.6
APCOTEXIND,2022-06-16,2022-07-18,1,-6.6
CANBK,2022-11-25,2022-12-27,1,-6.6
JKPAPER,2022-08-19,2022-09-21,1,-6.6
INDOSTAR,2020-07-07,2020-08-06,1,-6.6
HFCL,2021-12-06,2022-03-10,3,-6.7
LINDEINDIA,2021-03-18,2021-05-26,2,-6.7
MINDTREE,2020-10-08,2020-11-09,1,-6.8
KDDL,2023-11-17,2023-12-20,1,-6.8
BATAINDIA,2019-10-17,2019-11-21,1,-6.8
DELHIVERY,2025-09-02,2025-11-06,2,-6.8
CGPOWER,2022-11-25,2022-12-27,1,-6.9
NACLIND,2026-04-21,2026-05-22,1,-6.9
BANCOINDIA,2025-10-03,2025-11-06,1,-6.9
ANURAS,2025-06-30,2025-11-06,4,-7.0
IMAGICAA,2023-04-03,2023-05-09,1,-7.0
BDL,2022-04-12,2022-05-17,1,-7.0
INOXLEISUR,2019-04-01,2019-05-07,1,-7.1
GOODLUCK,2022-09-21,2022-10-24,1,-7.1
UBL,2019-01-25,2019-02-26,1,-7.2
AFFLE,2020-09-07,2020-10-08,1,-7.2
JSWHL,2025-12-08,2026-01-08,1,-7.3
MGL,2020-01-23,2020-02-25,1,-7.4
BORORENEW,2022-02-07,2022-05-17,3,-7.4
KPIGREEN,2024-02-23,2024-06-05,3,-7.4
IDFC,2023-01-27,2023-02-28,1,-7.4
BALUFORGE,2024-11-12,2025-01-16,2,-7.5
SHREDIGCEM,2020-11-09,2020-12-11,1,-7.5
ADANIGREEN,2022-02-07,2022-03-10,1,-7.6
KUANTUM,2022-10-24,2022-11-25,1,-7.6
CEATLTD,2022-12-27,2023-01-27,1,-7.6
GRAVITA,2023-01-27,2023-02-28,1,-7.8
PRESTIGE,2019-09-13,2019-10-17,1,-7.8
SSWL,2021-08-30,2021-09-30,1,-7.8
PSUBNKBEES,2026-02-11,2026-03-16,1,-7.9
FLFL,2019-05-07,2019-06-07,1,-8.0
CUB,2019-06-07,2019-07-09,1,-8.0
THANGAMAYL,2026-04-21,2026-05-22,1,-8.1
IGL,2020-01-23,2020-02-25,1,-8.1
MOTILALOFS,2024-05-03,2024-06-05,1,-8.1
KTKBANK,2023-02-28,2023-05-09,2,-8.2
GPIL,2021-01-13,2021-02-15,1,-8.2
INOXLEISUR,2022-07-18,2022-08-19,1,-8.3
HAPPSTMNDS,2022-01-05,2022-04-12,3,-8.3
IRFC,2023-09-12,2023-10-16,1,-8.4
IZMO,2024-12-16,2025-01-16,1,-8.4
JSWHL,2025-06-30,2025-07-30,1,-8.4
TRIVENI,2021-06-25,2021-07-28,1,-8.5
INTERARCH,2025-12-08,2026-01-08,1,-8.6
HNDFDS,2023-02-28,2023-04-03,1,-8.6
GDL,2021-05-26,2021-06-25,1,-8.7
BEL,2025-06-30,2025-07-30,1,-8.9
GATI,2021-03-18,2021-04-23,1,-8.9
HDFCMFGETF,2020-08-06,2020-09-07,1,-9.0
POLYCAB,2021-06-25,2021-07-28,1,-9.0
VASCONEQ,2023-10-16,2023-11-17,1,-9.0
GOLDBEES,2020-08-06,2020-09-07,1,-9.0
AUROPHARMA,2019-01-25,2019-02-26,1,-9.1
ANANDRATHI,2025-11-06,2025-12-08,1,-9.1
INDUSTOWER,2026-02-11,2026-03-16,1,-9.1
KIRLOSENG,2024-02-23,2024-03-28,1,-9.1
HINDCOPPER,2026-02-11,2026-04-21,2,-9.1
SETFGOLD,2020-08-06,2020-09-07,1,-9.1
UJJIVAN,2019-05-07,2019-07-09,2,-9.2
INOXLEISUR,2019-06-07,2019-07-09,1,-9.2
INDIAMART,2020-02-25,2020-05-05,2,-9.2
HSCL,2022-11-25,2022-12-27,1,-9.2
GLENMARK,2024-09-10,2024-11-12,2,-9.3
MCX,2024-02-23,2024-03-28,1,-9.4
INDIANB,2023-01-27,2023-02-28,1,-9.5
SUPREMEIND,2023-02-28,2023-04-03,1,-9.5
LLOYDSENT,2025-06-30,2025-07-30,1,-9.5
APOLLO,2025-09-02,2025-11-06,2,-9.5
PARADEEP,2025-09-02,2025-10-03,1,-9.6
APOLLO,2025-05-29,2025-07-30,2,-9.6
PRAJIND,2022-01-05,2022-06-16,5,-9.6
ASTRAZEN,2019-12-23,2020-01-23,1,-9.7
BASF,2024-08-08,2024-09-10,1,-9.7
KELLTONTEC,2021-01-13,2021-03-18,2,-9.7
ANANDRATHI,2023-01-27,2023-02-28,1,-9.7
GENUSPOWER,2023-10-16,2024-01-23,3,-9.8
MOTHERSON,2024-07-08,2024-08-08,1,-10.0
DALBHARAT,2021-03-18,2021-04-23,1,-10.0
PNBHOUSING,2023-02-28,2023-04-03,1,-10.0
LUXIND,2021-07-28,2021-12-06,4,-10.0
PRINCEPIPE,2021-05-26,2021-08-30,3,-10.1
MERCK,2019-01-25,2019-02-26,1,-10.1
SKMEGGPROD,2023-09-12,2023-11-17,2,-10.1
PRAKASH,2024-01-23,2024-05-03,3,-10.1
MFL,2022-09-21,2022-10-24,1,-10.1
POWERINDIA,2025-07-30,2025-09-02,1,-10.2
TIPSINDLTD,2023-11-17,2023-12-20,1,-10.2
MONARCH,2023-11-17,2023-12-20,1,-10.2
ICICIGI,2019-06-07,2019-07-09,1,-10.3
BANKINDIA,2026-02-11,2026-03-16,1,-10.4
HNGSNGBEES,2025-02-17,2025-04-28,2,-10.4
SHILPAMED,2020-08-06,2020-09-07,1,-10.5
SUNDARMHLD,2025-06-30,2025-07-30,1,-10.5
INDIANB,2025-11-06,2025-12-08,1,-10.6
GAEL,2022-07-18,2022-08-19,1,-10.6
EASEMYTRIP,2022-04-12,2022-06-16,2,-10.6
RPOWER,2022-01-05,2022-05-17,4,-10.6
ORIENTELEC,2020-03-27,2020-05-05,1,-10.7
VOLTAMP,2022-07-18,2022-08-19,1,-10.7
AARTIIND,2019-01-25,2019-02-26,1,-10.8
LALPATHLAB,2024-09-10,2024-11-12,2,-10.8
JKPAPER,2019-01-25,2019-02-26,1,-11.0
APOLLOHOSP,2019-01-25,2019-02-26,1,-11.0
TATACONSUM,2020-09-07,2020-10-08,1,-11.0
TATASTEEL,2021-08-30,2021-09-30,1,-11.1
GREENPOWER,2022-04-12,2022-05-17,1,-11.1
SARDAEN,2024-10-11,2024-11-12,1,-11.2
AVANTIFEED,2026-04-21,2026-05-22,1,-11.2
SUNTECK,2019-05-07,2019-08-08,3,-11.2
NH,2025-06-30,2025-07-30,1,-11.3
CHENNPETRO,2022-05-17,2022-09-21,4,-11.3
SIGNATURE,2024-05-03,2024-06-05,1,-11.4
GMDCLTD,2022-03-10,2022-07-18,4,-11.4
INFOBEAN,2026-01-08,2026-02-11,1,-11.5
AXISBANK,2019-05-07,2019-08-08,3,-11.6
PGIL,2025-01-16,2025-02-17,1,-11.6
SUVENPHAR,2024-11-12,2025-01-16,2,-11.7
CENTUM,2025-09-02,2025-10-03,1,-11.7
ASHAPURMIN,2024-03-28,2024-05-03,1,-11.8
NUCLEUS,2020-10-08,2020-11-09,1,-11.8
JKLAKSHMI,2022-12-27,2023-01-27,1,-11.8
LUMAXTECH,2025-10-03,2025-11-06,1,-11.9
SHREECEM,2019-07-09,2019-09-13,2,-11.9
DEEPAKFERT,2022-02-07,2022-03-10,1,-11.9
EMAMILTD,2024-09-10,2024-10-11,1,-12.0
DBL,2023-11-17,2023-12-20,1,-12.0
VAKRANGEE,2019-04-01,2019-06-07,2,-12.1
JPASSOCIAT,2022-02-07,2022-03-10,1,-12.1
GODFRYPHLP,2019-04-01,2019-05-07,1,-12.2
POCL,2024-12-16,2025-01-16,1,-12.2
NEULANDLAB,2023-08-10,2023-09-12,1,-12.3
FEDFINA,2025-10-03,2025-11-06,1,-12.3
SINTEX,2022-03-10,2022-04-12,1,-12.4
DBCORP,2023-08-10,2023-09-12,1,-12.4
ALKYLAMINE,2021-08-30,2021-09-30,1,-12.5
PFOCUS,2026-04-21,2026-05-22,1,-12.5
VIKASLIFE,2024-05-03,2024-06-05,1,-12.6
KITEX,2025-06-30,2025-07-30,1,-12.7
MANGCHEFER,2025-07-30,2025-11-06,3,-12.8
MAHKTECH,2025-03-21,2025-04-28,1,-12.9
STEELXIND,2022-06-16,2022-08-19,2,-12.9
DEEPAKFERT,2021-11-02,2021-12-06,1,-12.9
FIEMIND,2022-11-25,2022-12-27,1,-13.0
MANGLMCEM,2024-05-03,2024-06-05,1,-13.0
WEBELSOLAR,2023-10-16,2023-11-17,1,-13.0
OPTIEMUS,2025-02-17,2025-03-21,1,-13.1
KKCL,2022-12-27,2023-01-27,1,-13.2
ASIANTILES,2026-01-08,2026-03-16,2,-13.3
INDIACEM,2020-06-05,2020-08-06,2,-13.3
TCI,2021-11-02,2021-12-06,1,-13.3
HGS,2021-12-06,2022-02-07,2,-13.4
ZYDUSLIFE,2024-08-08,2024-09-10,1,-13.5
IFBIND,2021-01-13,2021-03-18,2,-13.8
RVNL,2022-11-25,2022-12-27,1,-13.8
NITINSPIN,2022-02-07,2022-03-10,1,-13.8
BLS,2022-02-07,2022-03-10,1,-13.9
IWEL,2024-11-12,2025-03-21,4,-13.9
NEWGEN,2022-01-05,2022-03-10,2,-13.9
PARAS,2024-12-16,2025-02-17,2,-14.0
LODHA,2021-12-06,2022-01-05,1,-14.0
OLECTRA,2021-03-18,2021-05-26,2,-14.0
MAZDOCK,2025-05-29,2025-06-30,1,-14.0
BAJAJCON,2025-11-06,2025-12-08,1,-14.1
CRAFTSMAN,2021-11-02,2021-12-06,1,-14.1
SOLARINDS,2025-05-29,2025-09-02,3,-14.2
PNB,2019-04-01,2019-05-07,1,-14.4
TATAMTRDVR,2021-06-25,2021-07-28,1,-14.5
KERNEX,2025-10-03,2025-12-08,2,-14.5
BLISSGVS,2021-01-13,2021-02-15,1,-14.6
SCI,2019-11-21,2020-02-25,3,-14.6
COSMOFILMS,2020-08-06,2020-09-07,1,-14.7
PCJEWELLER,2025-01-16,2025-04-28,3,-14.9
TRIL,2023-01-27,2023-02-28,1,-14.9
MANAKSIA,2023-06-08,2023-07-11,1,-15.0
PRECWIRE,2022-05-17,2022-06-16,1,-15.1
SAKSOFT,2021-09-30,2021-11-02,1,-15.1
BSE,2022-03-10,2022-05-17,2,-15.1
DATAMATICS,2021-11-02,2021-12-06,1,-15.1
SOUTHBANK,2022-12-27,2023-04-03,3,-15.2
GOLDIAM,2024-12-16,2025-02-17,2,-15.3
JBMA,2022-02-07,2022-04-12,2,-15.3
JINDALSAW,2023-11-17,2023-12-20,1,-15.5
GNA,2021-09-30,2021-11-02,1,-15.6
CAPLIPOINT,2020-08-06,2020-09-07,1,-15.6
MAFANG,2025-02-17,2025-03-21,1,-15.6
TIRUMALCHM,2021-09-30,2021-11-02,1,-15.7
V2RETAIL,2025-07-30,2025-09-02,1,-15.7
VINYLINDIA,2022-12-27,2023-01-27,1,-15.7
GARUDA,2025-11-06,2025-12-08,1,-15.7
ESCORTS,2022-03-10,2022-04-12,1,-15.7
DBCORP,2023-10-16,2023-12-20,2,-15.8
GRSE,2023-01-27,2023-02-28,1,-15.8
LTTS,2021-12-06,2022-02-07,2,-15.8
UCOBANK,2022-12-27,2023-06-08,5,-15.9
CHENNPETRO,2023-07-11,2023-08-10,1,-16.0
ADANIPOWER,2019-01-25,2019-05-07,3,-16.1
ADANIGAS,2019-06-07,2019-09-13,3,-16.2
NELCO,2022-10-24,2022-11-25,1,-16.4
SUZLON,2020-07-07,2020-08-06,1,-16.5
JBMA,2022-05-17,2022-06-16,1,-16.6
INOXWIND,2024-02-23,2024-06-05,3,-16.7
SPTL,2022-01-05,2022-02-07,1,-16.7
ASHOKLEY,2026-02-11,2026-03-16,1,-16.8
BHEL,2024-05-03,2024-06-05,1,-16.8
PARACABLES,2024-01-23,2024-02-23,1,-16.9
EXPLEOSOL,2022-01-05,2022-02-07,1,-16.9
RTNPOWER,2023-11-17,2023-12-20,1,-16.9
NDTV,2022-04-12,2022-05-17,1,-17.1
GOLDIAM,2021-11-02,2021-12-06,1,-17.2
GLAXO,2019-12-23,2020-02-25,2,-17.3
HBLENGINE,2025-11-06,2025-12-08,1,-17.3
APLAPOLLO,2026-02-11,2026-03-16,1,-17.5
TEMBO,2025-12-08,2026-01-08,1,-17.6
ATALREAL,2026-02-11,2026-03-16,1,-17.6
IIFL,2021-03-18,2021-05-26,2,-17.6
HDIL,2019-01-25,2019-02-26,1,-17.7
63MOONS,2025-01-16,2025-04-28,3,-17.7
COCHINSHIP,2024-07-08,2024-08-08,1,-18.0
GAEL,2022-05-17,2022-06-16,1,-18.2
SAREGAMA,2022-04-12,2022-07-18,3,-18.2
SPENCERS,2020-07-07,2020-08-06,1,-18.3
RAMKY,2022-02-07,2022-03-10,1,-18.3
IBVENTURES,2019-01-25,2019-02-26,1,-18.3
VMART,2024-10-11,2024-11-12,1,-18.4
TARC,2024-07-08,2024-08-08,1,-18.5
GOKEX,2022-05-17,2022-06-16,1,-18.5
DREDGECORP,2024-10-11,2024-11-12,1,-18.6
AMBER,2020-01-23,2020-05-05,3,-18.7
ORIENTBANK,2019-04-01,2019-05-07,1,-18.7
KPITTECH,2020-10-08,2020-11-09,1,-19.6
MANINFRA,2021-09-30,2021-12-06,2,-19.7
WSTCSTPAPR,2022-11-25,2022-12-27,1,-19.7
GANESHHOUC,2024-07-08,2024-08-08,1,-19.7
TARC,2024-10-11,2024-11-12,1,-20.1
OLECTRA,2023-07-11,2023-08-10,1,-20.1
STAR,2019-01-25,2019-02-26,1,-20.2
HINDCOPPER,2021-07-28,2021-08-30,1,-20.2
HERITGFOOD,2024-10-11,2024-11-12,1,-20.6
INNOVACAP,2025-01-16,2025-02-17,1,-20.7
NUCLEUS,2024-02-23,2024-03-28,1,-20.7
BSE,2025-01-16,2025-03-21,2,-20.7
IIFLSEC,2024-10-11,2024-11-12,1,-20.8
FACT,2022-12-27,2023-02-28,2,-20.8
JSWENERGY,2021-07-28,2021-08-30,1,-20.9
BALRAMCHIN,2019-06-07,2019-08-08,2,-20.9
GALLANTT,2025-07-30,2025-09-02,1,-21.1
TRENT,2024-10-11,2024-11-12,1,-21.2
SWSOLAR,2020-09-07,2020-10-08,1,-21.2
GOKULAGRO,2025-01-16,2025-02-17,1,-21.3
HGINFRA,2021-11-02,2021-12-06,1,-21.3
ISEC,2019-12-23,2020-03-27,3,-21.4
RUSHIL,2022-04-12,2022-05-17,1,-21.6
ESCORTS,2020-02-25,2020-03-27,1,-21.6
LLOYDSME,2025-01-16,2025-02-17,1,-21.7
SILVERTUC,2026-01-08,2026-02-11,1,-21.8
HITECH,2021-07-28,2021-08-30,1,-21.9
RPOWER,2020-08-06,2020-10-08,2,-22.2
AJMERA,2022-02-07,2022-03-10,1,-22.4
BESTAGRO,2021-11-02,2022-01-05,2,-22.8
POCL,2024-09-10,2024-11-12,2,-22.9
SWANENERGY,2022-05-17,2022-06-16,1,-23.1
TRIDENT,2022-05-17,2022-07-18,2,-23.1
PLATIND,2024-12-16,2025-01-16,1,-23.2
DOLATALGO,2024-09-10,2024-10-11,1,-23.4
KIRLOSBROS,2024-07-08,2024-08-08,1,-23.5
DLINKINDIA,2022-11-25,2022-12-27,1,-23.5
AFFLE,2020-02-25,2020-03-27,1,-23.5
JUBLFOOD,2020-02-25,2020-03-27,1,-23.6
UGARSUGAR,2022-04-12,2022-05-17,1,-23.8
NETWEB,2025-10-03,2025-11-06,1,-23.9
GMRP&UI,2024-09-10,2024-11-12,2,-24.2
LYKALABS,2022-04-12,2022-05-17,1,-24.2
GABRIEL,2025-11-06,2025-12-08,1,-24.5
INDRAMEDCO,2025-01-16,2025-02-17,1,-24.9
SRF,2020-01-23,2020-03-27,2,-25.5
JUSTDIAL,2019-07-09,2019-10-17,3,-25.8
MRPL,2022-06-16,2022-07-18,1,-26.1
E2E,2025-05-29,2025-07-30,2,-26.1
GTLINFRA,2022-03-10,2022-06-16,3,-26.2
SUMMITSEC,2024-12-16,2025-01-16,1,-26.5
GEPIL,2024-12-16,2025-01-16,1,-26.8
JPASSOCIAT,2024-02-23,2024-03-28,1,-26.9
SHARDACROP,2022-05-17,2022-08-19,3,-27.5
IDEA,2020-09-07,2020-10-08,1,-27.7
GTLINFRA,2024-07-08,2024-08-08,1,-28.7
VERTOZ,2024-07-08,2024-10-11,3,-29.0
GMRINFRA,2020-01-23,2020-03-27,2,-29.1
RGL,2025-01-16,2025-02-17,1,-29.4
ADANIENT,2022-11-25,2023-01-27,2,-29.6
63MOONS,2019-05-07,2019-06-07,1,-30.5
DCMSHRIRAM,2019-07-09,2019-08-08,1,-30.9
HLVLTD,2024-02-23,2024-03-28,1,-30.9
VIKASECO,2022-04-12,2022-05-17,1,-31.0
JKTYRE,2026-02-11,2026-03-16,1,-31.2
GTLINFRA,2024-02-23,2024-03-28,1,-32.3
WIPRO,2019-02-26,2019-04-01,1,-32.9
PTCIL,2025-01-16,2025-02-17,1,-33.7
POLYCAB,2020-02-25,2020-03-27,1,-33.7
QPOWER,2025-10-03,2025-12-08,2,-34.3
RELCAPITAL,2021-06-25,2021-07-28,1,-34.8
RTNPOWER,2022-04-12,2022-07-18,3,-35.1
ADANIENT,2019-11-21,2020-03-27,4,-38.1
PVR,2020-02-25,2020-03-27,1,-38.6
ADANIGREEN,2022-04-12,2022-06-16,2,-39.1
STEELXIND,2022-04-12,2022-05-17,1,-41.5
BCG,2022-05-17,2022-09-21,4,-42.1
INOXLEISUR,2020-02-25,2020-03-27,1,-42.6
ANANTRAJ,2025-01-16,2025-02-17,1,-45.5
TTML,2022-04-12,2022-08-19,4,-46.1
VLEGOV,2025-01-16,2025-02-17,1,-46.8
BBOX,2024-12-16,2025-03-21,3,-48.5
PCJEWELLER,2019-05-07,2019-06-07,1,-49.7
CREDITACC,2019-11-21,2020-03-27,4,-49.9
ORISSAMINE,2020-02-25,2020-03-27,1,-55.2
SUVEN,2020-02-25,2020-03-27,1,-60.3
PCJEWELLER,2022-12-27,2023-02-28,2,-63.8
MAJESCO,2020-09-07,2021-01-13,4,-96.9
