feature,group,kind,cliffs_delta,pos_median,ctrl_median,hit_ratio,lift,coverage,n_events_match,support_real,base_rate,threshold,direction,category
close_vs_sma20,raw,numeric,0.23657118329459123,0.014857210218525485,-0.009119815945095755,0.4438086518654154,10.121554458359219,0.2826530612244898,3878,8738.0,0.04384787472035794,0.058772907949333895,>=,
ret_10d,raw,numeric,0.19413708451302364,0.013941366838170155,-0.009175514641855398,0.40156481285684076,9.158136293214685,0.2768221574344023,3798,9458.0,0.04384787472035794,0.07278194307975482,>=,
close_vs_sma50,raw,numeric,0.27659016033523703,0.0363316864784653,-0.018671809576477294,0.359472049689441,8.198163582203069,0.26997084548104955,3704,10304.0,0.04384787472035794,0.11958369069896595,>=,
close_vs_sma200,raw,numeric,0.22521892687437012,0.09711767331741117,-0.0004417671576415483,0.35298621745788666,8.050246898146701,0.26880466472303205,3688,10448.0,0.04384787472035794,0.2970776495145403,>=,
range_tight_66,raw,numeric,0.7542616899213536,0.3667014688201028,0.16487930502959175,0.3482379689276241,7.9419577607473455,0.26793002915451897,3676,10556.0,0.04384787472035794,0.48505373872636676,>=,
h_accum_price_drift_3m,house(DVPT),numeric,0.23554891947924725,7.471205949819759,-1.6531749456175915,0.33266202856096666,7.586730957487352,0.264868804664723,3634,10924.0,0.04384787472035794,26.56016386782235,>=,
vol_66,raw,numeric,0.7992754539765349,0.03060092493917372,0.0157794823711769,0.32517545438186074,7.415991230035293,0.26341107871720115,3614,11114.0,0.04384787472035794,0.03666444875466777,>=,
ret_66d,raw,numeric,0.22767291578516752,0.08092305644158759,-0.015019788918205768,0.3202846975088968,7.30445202992229,0.26239067055393583,3600,11240.0,0.04384787472035794,0.2869696683347236,>=,
ret_22d,raw,numeric,0.24447056892337599,0.030526665285881438,-0.018731768439711416,0.31788020879412543,7.249614965866024,0.26188046647230323,3593,11303.0,0.04384787472035794,0.1391613490336563,>=,
h_rs_vs_broad_slope_3m,house(DVPT),numeric,0.24667001607246675,2.520130377120039,-5.158527206204049,0.30952380952380953,7.059037900874636,0.25583090379008744,3510,11340.0,0.04384787472035794,19.40304213979675,>=,
h_rs_vs_broad_slope_1m,house(DVPT),numeric,0.22396859671028393,1.0288633175961155,-2.779406579539277,0.3068617206548241,6.998325976158488,0.25685131195335276,3524,11484.0,0.04384787472035794,10.323245383419154,>=,
atr14_pct,raw,numeric,0.7875435422418946,0.04854329574048007,0.02546441165435504,0.3052812365822241,6.962281262870111,0.25911078717201164,3555,11645.0,0.04384787472035794,0.05965727586476566,>=,
dist_low_252,raw,numeric,0.48401629419733666,0.5940531778725009,0.1916286467405739,0.30335926147533976,6.918448463238616,0.2586734693877551,3549,11699.0,0.04384787472035794,1.1743237567894762,>=,
h_rs_rank,house(DVPT),numeric,0.3189354568029137,56.0,33.0,0.2929059136673996,6.6800481331289605,0.18447521865889213,2531,8641.0,0.04384787472035794,83.0,>=,
range_tight_22,raw,numeric,0.7306523179879231,0.18767191484467405,0.07674396284870622,0.29188829787234044,6.656840262700825,0.2559766763848397,3512,12032.0,0.04384787472035794,0.26741639583420845,>=,
vol_22,raw,numeric,0.7807754509556442,0.02920580740638519,0.013737033979673085,0.2868280672958556,6.541436024553441,0.25473760932944606,3495,12185.0,0.04384787472035794,0.037705105346115396,>=,
ret_5d,raw,numeric,0.14135505610378768,0.006707894385165503,-0.004028611798034931,0.2847811887655127,6.494754662152254,0.2542274052478134,3488,12248.0,0.04384787472035794,0.05143104131153969,>=,
ret_132d,raw,numeric,0.1869984127655436,0.1306275854554848,0.007185109676232426,0.28160686806511703,6.4223607155666995,0.2534256559766764,3477,12347.0,0.04384787472035794,0.4739746357446477,>=,
sma50_slope,raw,numeric,0.20925408458533012,0.022506546167280206,-0.0029974415190259784,0.2793300587809002,6.370435524237878,0.25284256559766766,3469,12419.0,0.04384787472035794,0.08596320688106378,>=,
h_rs_vs_broad_slope_6m,house(DVPT),numeric,0.20129720667246168,3.0842123223197135,-5.9650718132257765,0.26725861931045514,6.095132797539462,0.2435131195335277,3341,12501.0,0.04384787472035794,29.140482585983957,>=,
ret_252d,raw,numeric,0.23120365003507157,0.2549875176381202,0.02674269415739261,0.2592026882541622,5.911408247429107,0.24737609329446064,3394,13094.0,0.04384787472035794,0.8645713300354578,>=,
h_rs_vs_broad_slope_12m,house(DVPT),numeric,0.2301903810043553,6.302431711409532,-8.294412528207927,0.252534779533129,5.759339104658604,0.23418367346938776,3213,12723.0,0.04384787472035794,49.0444779379598,>=,
sma50_vs_sma200,raw,numeric,0.14961341856273036,0.060925748490595955,0.01350879324315557,0.23516389345140326,5.3631765496314925,0.24001457725947523,3293,14003.0,0.04384787472035794,0.2189421411326891,>=,
ret_1d,raw,numeric,0.1357800022685915,0.003323506230482942,-0.000760841745810481,0.22168840082361016,5.055852814701722,0.23542274052478135,3230,14570.0,0.04384787472035794,0.02669442827364736,>=,
h_rs_vs_broad_trend_state,house(DVPT),categorical,,,,0.2,4.561224489795919,0.058673469387755105,805,4025.0,0.04384787472035794,,==,BREAKOUT
cpr_separation_pct,cpr,numeric,0.24309695224924338,0.8426966292134783,0.4083779185547928,0.19095360223828398,4.354911234720047,0.05969387755102041,819,4289.0,0.04384787472035794,2.3105586576996497,>=,
cpr_width_pct,cpr,numeric,0.3532084080698468,0.6484263798829483,0.3490234232781926,0.1873924605036759,4.273695400262405,0.17463556851311954,2396,12786.0,0.04384787472035794,1.2675961037555736,>=,
cpr_depth_pct,cpr,numeric,0.3492023179026349,1.4092465184298928,0.7888278622953366,0.16973769781053544,3.8710587204749665,0.05706997084548105,783,4613.0,0.04384787472035794,2.95080219850981,>=,
h_turnover_surge_1y,house(DVPT),numeric,0.3086670481955159,0.9685501907763134,0.589596451580072,0.161511640985266,3.683454261245607,0.20932944606413995,2872,17782.0,0.04384787472035794,2.366431910750699,>=,
h_trade_count_ratio_1m_6m,house(DVPT),numeric,0.2708787423661722,1.104377360181998,0.9038043587186748,0.14590181316933518,3.327454616668001,0.20058309037900873,2752,18862.0,0.04384787472035794,1.679917947458712,>=,
updown_vol_22,raw,numeric,0.3469096218983046,1.5259834623290103,0.9582064967625987,0.1410209519828622,3.216141098792827,0.1967201166180758,2699,19139.0,0.04384787472035794,2.731956537018498,>=,
h_turnover_surge_3m,house(DVPT),numeric,0.23000260816443654,0.8734470512582923,0.6444649247875033,0.12367388460979509,2.8205217561519595,0.18607871720116617,2553,20643.0,0.04384787472035794,2.096019903039096,>=,
vol_pctile_252,raw,numeric,0.38899909996945975,0.7420634920634921,0.4444444444444444,0.12239111235067168,2.791266694936237,0.19190962099125364,2633,21513.0,0.04384787472035794,0.9285714285714286,>=,
trades_trend,raw,numeric,0.21402274331179666,1.0696075505939795,0.9484262417786276,0.12082655696929111,2.7555852533302616,0.18411078717201165,2526,20906.0,0.04384787472035794,1.4880845004634635,>=,
nr_ratio_10_60,raw,numeric,0.27558773134419695,1.04739129396668,0.9231716653361073,0.11855255056126557,2.703723984739067,0.18243440233236152,2503,21113.0,0.04384787472035794,1.3653495139776999,>=,
deliv_updown_22,raw,numeric,0.2995973638073637,1.351700893940345,0.9071742523367202,0.11631633518710528,2.6527245830936765,0.17988338192419825,2468,21218.0,0.04384787472035794,2.4114872870180504,>=,
h_deliv_updown_ratio_3m,house(DVPT),numeric,0.30184006678937425,1.3686672957729944,1.0430237832864462,0.11440145271685989,2.609053539001856,0.17908163265306123,2457,21477.0,0.04384787472035794,2.016795173525977,>=,
turnover_surge_raw,raw,numeric,0.2277029078704338,1.210155179106896,0.9196310256425864,0.11310459631924535,2.579477273199116,0.1782798833819242,2446,21626.0,0.04384787472035794,2.9358451011930495,>=,
h_deliv_value_ratio_1m_6m,house(DVPT),numeric,0.22735873634617984,1.0942615747068876,0.8941724869952978,0.1130635838150289,2.5785419370060163,0.1782069970845481,2445,21625.0,0.04384787472035794,1.8187753129810185,>=,
big_deliv_days_10,raw,numeric,0.1783923068047805,1.0,0.0,0.09922781236180563,2.26300163906771,0.21260932944606414,2917,29397.0,0.04384787472035794,3.0,>=,
vol_ratio_22_66,raw,numeric,0.18211721855091964,1.055894402645294,0.9293902102970618,0.09837127921544908,2.243467439250293,0.16596209912536444,2277,23147.0,0.04384787472035794,1.6075197443813478,>=,
h_turnover_surge_1m,house(DVPT),numeric,0.1566045071125978,0.8624388885430119,0.7204458683155365,0.09792924935289042,2.2333864520786744,0.16545189504373178,2270,23180.0,0.04384787472035794,2.067706067734796,>=,
gap_1d,raw,numeric,0.15372326487345295,0.004240370826418038,0.0013534089373988811,0.09683506304142722,2.2084323050774475,0.16457725947521865,2258,23318.0,0.04384787472035794,0.012799557051331047,>=,
dist_high_22,raw,numeric,-0.08776294661189564,-0.05331461535171517,-0.04537668228705338,0.09617061761674463,2.1932788813614716,0.17682215743440233,2426,25226.0,0.04384787472035794,0.0,>=,
range_pos_252,raw,numeric,0.16200004989342104,0.6244118542296971,0.480041121064929,0.09579688500106678,2.1847554895651453,0.16362973760932945,2245,23435.0,0.04384787472035794,0.9453458541846138,>=,
deliv_val_trend,raw,numeric,0.18877417029287244,1.0696314181563924,0.9395558954752944,0.09228187919463088,2.104591836734694,0.16034985422740525,2200,23840.0,0.04384787472035794,1.5877871293537624,>=,
atr_contraction,raw,numeric,0.21901166882384251,1.031048486797655,0.9512412597092853,0.09075770191507078,2.0698312630630937,0.1588921282798834,2180,24020.0,0.04384787472035794,1.285293560140463,>=,
h_rs_vs_broad_above_50ma,house(DVPT),numeric,0.2898059462257899,1.0,0.0,0.08958778625954199,2.043150023368126,0.5346209912536443,7335,81875.0,0.04384787472035794,1.0,>=,
vol_ratio,raw,numeric,0.1886141436834526,0.9961068451944244,0.9119537828982891,0.08656984334203656,1.9743224476474663,0.15466472303206996,2122,24512.0,0.04384787472035794,1.262493279315069,>=,
vol_z_1d,raw,numeric,0.1950257428613916,-0.1482724421879275,-0.35524328715029596,0.08360774235001205,1.9067684097171114,0.15174927113702624,2082,24902.0,0.04384787472035794,1.5780772158078318,>=,
h_rs_vs_broad_trend_state,house(DVPT),categorical,,,,0.08346842121992308,1.9035910349645724,0.38279883381924196,5252,62922.0,0.04384787472035794,,==,UPTREND
h_accum_character,house(DVPT),categorical,,,,0.08108475497859036,1.8492288507872392,0.0869533527696793,1193,14713.0,0.04384787472035794,,==,ACCUMULATION
h_rs_vs_broad_trend_state,house(DVPT),categorical,,,,0.08104693636538408,1.8483663548636065,0.21508746355685132,2951,36411.0,0.04384787472035794,,==,BREAKDOWN
deliv_per_22,raw,numeric,-0.47394906865938913,45.469772727272726,55.945,0.08098984952575654,1.8470644254088353,0.7449708454810495,10221,126201.0,0.04384787472035794,52.665681818181824,<=,
h_avg_deliv_pct_1m,house(DVPT),numeric,-0.4741938395606498,45.41900000000001,56.000934782608695,0.08059706215046789,1.838106468431589,0.7426384839650145,10189,126419.0,0.04384787472035794,52.716742424242426,<=,
deliv_qty_trend,raw,numeric,0.17126067811785645,1.0617833346724217,0.952783096187371,0.07920558913572494,1.8063723644729106,0.14708454810495628,2018,25478.0,0.04384787472035794,1.5610611641621293,>=,
vol_dryup_5_22,raw,numeric,0.07630016213412871,0.945485926437082,0.8954861598118975,0.07907122685911515,1.803308081940024,0.1469387755102041,2016,25496.0,0.04384787472035794,1.5964224871305142,>=,
h_rs_vs_broad_above_200ma,house(DVPT),numeric,0.24280236118465578,1.0,0.0,0.07758416438710233,1.7693939531140175,0.5250728862973761,7204,92854.0,0.04384787472035794,1.0,>=,
h_avg_trade_qty,house(DVPT),numeric,0.23966359274642413,56.65656478769603,30.804753246304863,0.07619194807201916,1.7376428973567635,0.143731778425656,1972,25882.0,0.04384787472035794,275.62879552682597,>=,
deliv_per_s,raw,numeric,-0.4057981519224186,44.13,56.18,0.07445961667993387,1.698135135506655,0.7090379008746356,9728,130648.0,0.04384787472035794,52.52,<=,
dist_high_66,raw,numeric,-0.07580967910929329,-0.09940531850661732,-0.09148034908976299,0.07290045918560965,1.662576798773853,0.14001457725947522,1921,26351.0,0.04384787472035794,-0.005317588920991783,>=,
n_strong_deliv_22,raw,numeric,-0.4063126505938389,0.0,2.0,0.07247668030076,1.6529120456346795,0.7826530612244897,10738,148158.0,0.04384787472035794,1.0,<=,
h_gap_to_next_p_pct,house(DVPT),numeric,0.24635821605757258,-33.63548911137234,-45.39158677622676,0.0717928599450765,1.637316754869857,0.13338192419825073,1830,25490.0,0.04384787472035794,-8.118257312643037,>=,
log_price,raw,numeric,-0.36142998345136573,2.271330371066159,2.7046651854545294,0.0709972057807289,1.6191709685707052,0.6889212827988338,9452,133132.0,0.04384787472035794,2.565729787831127,<=,
h_avg_deliv_pct_6m,house(DVPT),numeric,-0.3616405770423269,47.66461150250644,55.02227185792351,0.06967029688199314,1.5889093217474966,0.6807580174927114,9340,134060.0,0.04384787472035794,52.43024393495069,<=,
consec_up,raw,numeric,0.12459182163024024,1.0,0.0,0.06847216903957949,1.5615846714638792,0.1433673469387755,1967,28727.0,0.04384787472035794,3.0,>=,
up_frac_22,raw,numeric,0.11602878041574083,0.5,0.45454545454545453,0.06828850912286381,1.557396100914292,0.2152332361516035,2953,43243.0,0.04384787472035794,0.5909090909090909,>=,
h_trigger_rank,house(DVPT),categorical,,,,0.06700865662071177,1.5282076280335797,0.030466472303206996,418,6238.0,0.04384787472035794,,==,A
new_high_22,raw,numeric,0.057395620429562866,0.0,0.0,0.06594537382765413,1.503958270457214,0.16348396501457726,2243,34013.0,0.04384787472035794,1.0,>=,
h_ratio_today_vs_power_1m,house(DVPT),numeric,0.22890902314595057,0.6445749294245673,0.5222965692681192,0.06407889623008162,1.461391153818698,0.38454810495626823,5276,82336.0,0.04384787472035794,0.7277246968085924,>=,
dist_high_all,raw,numeric,-0.2788586982260745,-0.4106339992200788,-0.23301144879182994,0.06363072842335914,1.4511701839408946,0.6434402332361516,8828,138738.0,0.04384787472035794,-0.27168062133148835,<=,
h_ratio_today_vs_power_3m,house(DVPT),numeric,0.2104176777565891,0.5887961201224728,0.4803137817829236,0.0635772087964755,1.449949608776763,0.2513848396501458,3449,54249.0,0.04384787472035794,0.7886092210303617,>=,
avg_trade_val_trend,raw,numeric,0.11342141795933179,1.0154968192948455,0.9757626922763143,0.062662390022757,1.4290861398047132,0.25488338192419824,3497,55807.0,0.04384787472035794,1.1382123502222694,>=,
cpr_regime,cpr,categorical,,,,0.0618034655956942,1.4094974041466992,0.4385568513119534,6017,97357.0,0.04384787472035794,,==,1
h_p_score,house(DVPT),numeric,0.05146185764122406,0.0,0.0,0.0611587982832618,1.3947950424805116,0.17448979591836736,2394,39144.0,0.04384787472035794,1.0,>=,
h_trigger_rank,house(DVPT),categorical,,,,0.06037302218686467,1.3768745366085973,0.04978134110787172,683,11313.0,0.04384787472035794,,==,C
deliv_per_pctile,raw,numeric,-0.23704626677382398,0.39285714285714285,0.5714285714285714,0.05985720591635546,1.3651107675821883,0.622667638483965,8543,142723.0,0.04384787472035794,0.5158730158730159,<=,
cpr_compression_pctile,cpr,numeric,-0.15661968723962805,0.44841269841269843,0.5634920634920635,0.05961541895052581,1.35959654443291,0.48673469387755103,6678,112018.0,0.04384787472035794,0.5277777777777778,<=,
h_pct_from_52w_high,house(DVPT),numeric,-0.10371599213390785,-19.217876785660764,-15.742851554247363,0.05754244364041191,1.312320015676741,0.1205539358600583,1654,28744.0,0.04384787472035794,-1.601835777508313,>=,
dist_high_252,raw,numeric,-0.10378385565833297,-0.19226154512275756,-0.15743211506661992,0.057522431661681854,1.311863620039377,0.1205539358600583,1654,28754.0,0.04384787472035794,-0.016016386836466993,>=,
deliv_trend,raw,numeric,-0.21204185512314808,-0.7669696969696851,0.7940909090909045,0.057283960907708015,1.3064250268237492,0.6010932944606414,8247,143967.0,0.04384787472035794,0.36295454545454575,<=,
h_trigger_rank,house(DVPT),categorical,,,,0.05720531973036983,1.3046315265038426,0.04577259475218659,628,10978.0,0.04384787472035794,,==,SS
h_accum_character,house(DVPT),categorical,,,,0.057054622453823464,1.3011947059621984,0.77966472303207,10697,187487.0,0.04384787472035794,,==,NEUTRAL
h_avg_deliv_qty_per_trade,house(DVPT),numeric,0.14022869700167556,23.073019936879,15.680697253024324,0.05624546825186737,1.2827410361522813,0.35619533527696795,4887,86887.0,0.04384787472035794,39.51450246816347,>=,
h_r_score,house(DVPT),numeric,0.12026725789659781,2.0,0.0,0.05499644478477274,1.2542556540200722,0.5862973760932945,8044,146264.0,0.04384787472035794,1.0,>=,
h_ratio_today_vs_avg_30d,house(DVPT),numeric,0.15503959982904333,0.9573474667146906,0.8445819119518587,0.05482450448579858,1.2503343625077532,0.4618804664723032,6337,115587.0,0.04384787472035794,0.9829156164602473,>=,
cpr_pattern,cpr,categorical,,,,0.050709326894053726,1.1564831184511233,0.1469387755102041,2016,39756.0,0.04384787472035794,,==,BULL_U
cpr_pattern,cpr,categorical,,,,0.048596331205026856,1.1082938800330104,0.5591836734693878,7672,157872.0,0.04384787472035794,,==,NONE
cpr_pattern,cpr,categorical,,,,0.04792129482703904,1.0928989177391046,0.14307580174927115,1963,40963.0,0.04384787472035794,,==,BEAR_INVU
hist_len,raw,numeric,-0.0009385127901589905,2481.5,2454.5,0.04649776991278282,1.0604338342354043,0.9384110787172012,12875,276895.0,0.04384787472035794,4568.0,<=,
h_next_p_above,house(DVPT),categorical,,,,0.046129583388093046,1.052036927269265,0.12791545189504372,1755,38045.0,0.04384787472035794,,==,P2M
close_strength_5,raw,numeric,-0.02947017694411561,0.415563798454366,0.4217684514375224,0.04560237419421581,1.0400133298374727,0.514067055393586,7053,154663.0,0.04384787472035794,0.4197198879551802,<=,
h_next_p_above,house(DVPT),categorical,,,,0.04498840190452936,1.0260110026186031,0.10743440233236151,1474,32764.0,0.04384787472035794,,==,P12M
h_next_p_above,house(DVPT),categorical,,,,0.04432842752590362,1.0109595461264755,0.40349854227405246,5536,124886.0,0.04384787472035794,,==,P1M
h_is_ath_dvpt,house(DVPT),numeric,0.00013345252647751178,0.0,0.0,0.04383183306055646,0.9996341519422826,0.9994169096209913,13712,312832.0,0.04384787472035794,0.0,>=,
h_rs_vs_broad_new_52w_high,house(DVPT),numeric,0.04463210947024967,0.0,0.0,0.04364126258387913,0.995287978316019,0.9892857142857143,13573,311013.0,0.04384787472035794,0.0,>=,
h_next_p_above,house(DVPT),categorical,,,,0.041716140267553235,0.9513834030406274,0.19205539358600582,2635,63165.0,0.04384787472035794,,==,P3M
h_trigger_rank,house(DVPT),categorical,,,,0.041353658180117506,0.9431165921690063,0.824927113702624,11318,273688.0,0.04384787472035794,,==,-
h_rs_vs_sector_slope_3m,house(DVPT),numeric,0.13032165596184664,-0.7875671477329464,-3.257065913325187,0.041309431021044424,0.9421079421636152,0.0347667638483965,477,11547.0,0.04384787472035794,4.896271201720537,>=,
cpr_regime,cpr,categorical,,,,0.039856873074247096,0.908980727764717,0.4091836734693878,5614,140854.0,0.04384787472035794,,==,-1
h_rs_vs_sector_slope_6m,house(DVPT),numeric,0.09714472921177178,-0.3129651152386974,-3.3002157402361503,0.03947939262472885,0.9003718624109079,0.03316326530612245,455,11525.0,0.04384787472035794,8.577264852779724,>=,
h_next_p_above,house(DVPT),categorical,,,,0.03909287759901278,0.8915569534060568,0.12237609329446064,1679,42949.0,0.04384787472035794,,==,P6M
h_rs_vs_broad_trend_state,house(DVPT),categorical,,,,0.036894180781485826,0.8414132045573554,0.16034985422740525,2200,59630.0,0.04384787472035794,,==,CONSOLIDATING
h_rs_vs_broad_trend_state,house(DVPT),categorical,,,,0.015977030906941397,0.364374123234837,0.17237609329446063,2365,148025.0,0.04384787472035794,,==,DOWNTREND
h_accum_character,house(DVPT),categorical,,,,0.01556040422599908,0.35487248413375455,0.1185131195335277,1626,104496.0,0.04384787472035794,,==,CONSOLIDATION
